排名,预测分,商品ID,标题,美元价格($),cat_l1,cat_l2,main_url,总销量
1,1.426923861459919,607622291931980,"3Pcs 白色公主风女生房间床品，精致花朵刺绣蕾丝边装饰被套套装，120G柔软舒适透气面料，包含1个羽绒被套+2只枕套，不含被芯 枕芯，Single Double Queen King Super King size, 四季可用 可机洗",26.03,家居厨房用品,床上用品,https://img.kwcdn.com/product/fancy/b277dabe-5b7a-4b5d-b63c-05680bcc0a54.jpg,88
2,1.39892175646863,607011735485707,最新升级款一件多功能人体工学抬高垫 透气不闷趴睡枕 床上趴着玩手机看书靠枕 臀部腰部承托 情侣居家多用途舒适垫,21.22,家居厨房用品,床上用品,https://img.kwcdn.com/product/open/1642a4826a5b435f976c70c43139816a-goods.jpeg,0
3,1.337315794971225,607070992616482,1pc 井格纹肌理全包沙发套 高弹力耐磨防滑沙发罩 一体式懒人沙发防尘保护套 宠物友好 四季通用 旧沙发翻新 适用于客厅卧室办公室酒店等场景 万圣节 圣诞节家居优选好物（不包含抱枕套）,16.44,家居厨房用品,沙发装饰,https://img.kwcdn.com/product/fancy/cae70547-48ea-4dda-bed1-ba6c94a6857f.jpg,1
4,1.3332818324437794,607369694145310,弹力泡泡裙边一体全包椅子套罩防滑四季通用结实耐用 四季通用客厅家用酒店全包套/四个装,26.56,家居厨房用品,沙发装饰,https://img.kwcdn.com/product/fancy/ee8a9d8b-4f16-4f68-99b0-c41ef92d29a7.jpg,2
5,1.3324360119077976,607468746830724,1PC 异形秋意 雪尼尔花边沙发垫套罩靠背巾，四季通用家居宠物狗友好，防滑可水洗家具保护垫，卧室、办公室、客厅家居装饰,11.08,家居厨房用品,沙发装饰,https://img.kwcdn.com/product/fancy/557b8237-1824-45e6-b5eb-c0351f2dc711.jpg,0
6,1.3216266950799196,607033881417362,秋冬新款加厚提花菱格款绒床笠，加厚设计多种颜色/尺寸可选，保暖柔软。,15.43,家居厨房用品,床上用品,https://img.kwcdn.com/product/fancy/b3794498-6abf-4d3b-bdd9-cb0a8f5c71fe.jpg,18
7,1.3191260504263327,607475994563945,新款青棱纹提花沙发套 弹力全包沙发罩 家用客厅沙发保护罩 防猫抓可拆洗四季通用沙发垫套 多色可选,27.61,家居厨房用品,沙发装饰,https://img.kwcdn.com/product/fancy/887d13c4-ca17-4555-8047-4875843c4357.jpg,7
8,1.3073267794019858,607527668419334,1pc 加厚竖纹肌理沙发套 高弹力防滑耐磨沙发套 一体式四季通用全包防尘沙发保护罩 宠物有好可机洗 旧沙发沙发套 适用于客厅卧室办公室等场景 复活节 圣诞节沙发套装饰套（不含抱枕套）,35.1,家居厨房用品,沙发装饰,https://img.kwcdn.com/product/fancy/7af5e3ad-aac8-45d8-936f-7702f6aec99c.jpg,14
9,1.3035532569970345,605737556250155,MOKALALA 1件 波西米亚风曼陀罗图案薄被 - 轻薄透气四季通用，适合家庭酒店宿舍使用，可机洗柔软床罩，现代风格，适用于床、沙发、空调毯,22.85,家居厨房用品,床上用品,https://img.kwcdn.com/product/21140d62aa8/afc4c21f-28ea-4693-9ed3-9e3731276e89_1000x1000.jpeg,0
10,1.2796678936788428,607155751066656,1pc精美礼品枕套 透气枕套 单只装不含枕芯 柔软亲肤 蓝色时尚外观 居家、酒店客房均可使用,1.47,家居厨房用品,床上用品,https://img.kwcdn.com/product/open/2fdc9bee79be42ba9ef4330501b50a79-goods.jpeg,4
11,1.2512383102870253,606861411600475,双面银单向隐私隔热遮阳膜，镜面一侧，适用于办公室玻璃窗、厨房阳台、家居卧室，书房等场景的隔热膜，方便安装，静电吸附,8.69,家居厨房用品,窗饰及配件,https://img.kwcdn.com/product/fancy/054262af-6d77-4172-8729-d1048d8b266e.jpg,9
12,1.2504308912066617,607095084692091,1件纯色超柔软牛奶绒床笠（不包含枕套），加厚保暖舒适床垫保护套，松紧深袋设计，360度贴合包裹抗皱易打理，防滑不移位，适用于卧室公寓酒店宿舍，可以机洗水洗,10.31,家居厨房用品,床上用品,https://img.kwcdn.com/product/fancy/fc6a93ff-a74d-464e-94ab-f639dfec6e22.jpg,0
13,1.2379011970909835,606727932085844,2D平面横幅 1个桌旗，包含泰迪熊、礼物、数字“1”和“HAPPY BIRTHDAY ONE”文字等元素，主题派个装饰，适用于餐桌、咖啡桌、周年纪念、家庭装饰，耐用涤纶,2.12,家居厨房用品,餐厨布艺,https://img.kwcdn.com/product/217a7c24a8/9e2629e8-0315-41bc-a443-6e0c530cbee8_1000x1000.jpeg,17
14,1.2302380414303669,606808798267264,1件提花珊瑚绒床笠，柔软毛绒床垫套，带深口袋和松紧带，可伸缩床单不会掉，适用于2-10英寸厚的床垫的舒适保暖床上用品，多种尺寸,34.89,家居厨房用品,床上用品,https://img.kwcdn.com/product/open/d1a26b693f884e529c562788a6232f5d-goods.jpeg,0
15,1.230111298523843,607324395660335,1pc 水莲高弹力暗纹全包沙发套 防滑耐磨沙发套 一体式懒人防尘沙发保护罩 宠物友好 四季通用 可机洗1/2/3/4人位 万圣节 圣诞节客厅卧室沙发装饰套,24.78,家居厨房用品,沙发装饰,https://img.kwcdn.com/product/fancy/3733e24e-9a47-48bc-8e7d-5c2d1aae4b20.jpg,0
16,1.2251662206726674,606898455715519,2026新款多区支撑枕，双曲线设计慢回弹舒适靠垫，贴合身体曲线支撑枕，适用于居家卧室休息，馈赠亲友的实用节日礼品,16.95,家居厨房用品,床上用品,https://img.kwcdn.com/product/aisc_image/algo/opt/56f674c3/ffc53fd1/362cac4834ad43e3a874893ac03cb9ef-goods.jpeg,0
17,1.219325229286941,607095487317622,绿色格纹桌布，高品质餐桌罩，适用于野餐、派对、烧烤及户外餐饮装饰,7.17,家居厨房用品,餐厨布艺,https://img.kwcdn.com/product/fancy/c62b1602-af6c-4828-af54-99cfaa960444.jpg,30
18,1.2174413017360208,607313591129064,11件14英寸裙夹裤架木色/棕色裤架带挂钩360°旋转钩子夹子可伸缩调整宽度夹裤子裙子方便耐用,22.92,家居厨房用品,衣橱收纳,https://img.kwcdn.com/product/open/79920a9216f943ee9f8bc5f648815bed-goods.jpeg,0
19,1.201988263788014,606683304714833,1件装框个人化高清帆布印刷品，客制化照片艺术，现代，经典，装饰风格，高品质油墨画布上，卧室、客厅、婚礼、情人节礼物的水平墙壁装饰,1.16,家居厨房用品,墙面装饰,https://img.kwcdn.com/product/fancy/ad17024d-c4ed-4e32-afbf-64315115a1e7.jpg,0
20,1.1966751580633266,606710014015330,264.55LB 承重最新设计全合一人体工学增高支撑垫 透气柔软睡眠枕床头靠垫看电视阅读支撑垫腰部和臀部科学支撑家用男女通用舒适,30.97,家居厨房用品,床上用品,https://img.kwcdn.com/product/open/10bf8b5b525e4418ae2c0a990fe6e275-goods.jpeg,0
21,1.1937271169545944,607447674682804,2D平面，1件复古木制装饰标牌，泰坦尼克号主题 - 复古墙饰，适用于家居、酒吧、餐厅的海洋风格装饰 - 历史爱好者与航海迷的独特礼物，Decorative Sign,1.83,家居厨房用品,家居装饰,https://img.kwcdn.com/product/open/8999703d82504a28a5fcd0d5d7e33da3-goods.jpeg,1
22,1.1911765231649745,606733233672637,1pc纯色毛绒抱枕套，仿兔毛绒打造饱满粗竖条纹纹理，丰富多色款式可供挑选，简约纯色设计，不添加多余印花，适合打造氛围感居家角落，公寓、民宿、度假小屋都适合布置，摆放于沙发床头提升空间氛围，拉链开合便于洗护，只售枕套，不含枕芯。,5.01,家居厨房用品,床上用品,https://img.kwcdn.com/product/fancy/3b19d680-ea0b-4e0d-8d8b-719020c7d873.jpg,0
23,1.189256692672188,606932815474375,红色卡通圣诞沙发保护罩，一体式通用弹力提花，防猫抓耐撕扯，可拆洗轻松打理，四季通用，客厅多场景适用，居家焕新，节日装饰送礼物佳品（不含抱枕套） 4件型号可选择,13.36,家居厨房用品,沙发装饰,https://img.kwcdn.com/product/aisc_image/algo/opt/8000401e/7e100fef/8d090aa4509c4cbd9871f58bd59a6aa4-goods.jpeg,0
24,1.1868896347761522,607695172157597,2D平面画作，1件装个性化定制照片帆布印刷品——上传您的图片，适用于客厅、卧室装饰，现代情侣肖像画，定制图片墙壁艺术，可作为婚礼礼物、周年纪念，上传您自己的照片用于家居装饰,2.54,家居厨房用品,墙面装饰,https://img.kwcdn.com/product/fancy/204b8669-32fa-45da-9ce4-e4aefca1176c.jpg,0
25,1.185553627954892,607279231391724,水莲曲线肌理提花沙发套 易安装 耐磨 高弹性 宠物友好型 可机洗沙发套 1/2/3/4人位 适用于旧沙发翻新 家庭客厅、卧室办公室、公寓等场景 复活节圣诞节居家好物,23.55,家居厨房用品,沙发装饰,https://img.kwcdn.com/product/open/88e9e3a3020c4794b9cdabb048f1eaa3-goods.jpeg,0
26,1.181595023901173,601101056900436,1幅装裱花卉海报 - 复古横版水影帆布画 适用于卧室、办公室 - 带框宁静自然风景画，植物装饰，理想礼物,6.7,家居厨房用品,墙面装饰,https://img.kwcdn.com/product/open/91a29dc618184a45af98b6096198efbc-goods.jpeg,21
27,1.1683412551603904,607146624269636,8件套粉紫蓝气球 K-pop 音乐气球套装，生日派个装饰、充气迪斯科球、音符、音乐、应援音乐会铝膜气球、粉丝俱乐部派个背景装饰,2.43,家居厨房用品,节日聚会用品,https://img.kwcdn.com/product/open/bdd8b4c7975a4ebea8b21ba6c550081a-goods.jpeg,16
28,1.1658512405553416,607266614921849,四件套不锈钢装饰托盘，7英寸长金色浴室摆件，首饰碟，化妆品收纳浴室杂物小托盘，珠宝托盘，首饰盘,6.09,家居厨房用品,家庭收纳,https://img.kwcdn.com/product/open/4d20a01f9c6446a0b94b77d0955fa1eb-goods.jpeg,0
29,1.1643725594834928,607372512700176,一卷3D仿彩绘玻璃窗贴，半透明防窥单向透视窗膜，适用于家庭、办公室、阳台、卫生间等场所的窗户隐私保护膜,3.62,家居厨房用品,窗饰及配件,https://img.kwcdn.com/product/fancy/c9a8f839-15a2-4abf-a041-8b08fb1a9322.jpg,0
30,1.156940191554147,607344998079002,九个带内凹结构的木托盘，防止滑动。纯色木板可用。适用于家居杯垫和家居装饰,12.51,家居厨房用品,餐厅用品,https://img.kwcdn.com/product/open/e20b7aa72b1f41a3ad68be0d981781bf-goods.jpeg,0
31,1.1507427770261125,607658597792629,2D平面款，1件圣家耶稣诞生场景挂饰（含星星）——亚克力材质，适用于圣诞树悬挂，宗教节日装饰，耶稣诞辰庆典及教堂圣诞剧演出——亚克力吊坠，2D平面设计,1.08,家居厨房用品,家居装饰,https://img.kwcdn.com/product/open/b13191eb33e84e569bdc841d55f44c84-goods.jpeg,0
32,1.1379157637907609,607174608715521,2pc超豪华加厚纯色床垫防护套，，深口袋温暖舒适超柔软床垫防护套，适用于卧室客房床垫保护。,36.73,家居厨房用品,床上用品,https://img.kwcdn.com/product/fancy/389929e0-3a68-450c-a518-6e70775c377c.jpg,10
33,1.1290362172129702,606139957755412,1件无框日本鹤海报，复古浮世绘油画，创意壁画，生日礼物，客厅，卧室，厨房，浴室，走廊装饰，防水可重复使用,2.96,家居厨房用品,墙面装饰,https://img.kwcdn.com/product/fancy/00873752-d87f-4463-a106-2a2a35cb3db1.jpg,5
34,1.1258635259139427,607492369180464,9片装 2D自粘式PVC地墙贴纸 家用通用 - 即剥即贴乙烯基地砖，现代图案（纯色/横竖线条），安装简便，免撕除残胶，免维护保养，适用于卧室、客厅、厨房 - 适合DIY爱好者,8.52,家居厨房用品,家居装饰,https://img.kwcdn.com/product/open/516ef8ba0f0449649f13032b3e47fbce-goods.jpeg,0
35,1.1201849843110652,607646719521684,99个小号欧根纱束口袋 - 月亮星星图案设计网纱糖果袋，透明珠宝糖果礼品袋，装饰性派个礼品袋，珠宝展示和包装袋，节日派个糖果礼品袋，非常适合珠宝、糖果,6.58,家居厨房用品,节日聚会用品,https://img.kwcdn.com/product/fancy/c9738aef-0894-420e-a3e0-9da134ac90f8.jpg,0
36,1.1195431215344356,607447271999919,1pc-静电圣诞铃铛花环窗贴 自粘可移除 防水 圣诞季窗户装饰贴纸,1.64,家居厨房用品,窗饰及配件,https://img.kwcdn.com/product/open/6026906cb8024b2e991291f21419234b-goods.jpeg,0
37,1.1138526197590326,606837118228420,1pc 简约现代格子牛奶绒沙发保护垫，柔软亲肤，可机洗方便打理，防宠物抓痕（适合宠物家庭），防污防滑设计，适合客厅和办公室使用，作为礼物也很不错。适用于单人至四人位沙发以及L型组合沙发,11.17,家居厨房用品,沙发装饰,https://img.kwcdn.com/product/fancy/d2a806c8-2c9c-4dde-99ec-370dd5dee303.jpg,0
38,1.1099087690507081,606961135354672,1件-米色可折叠布艺衣物收纳箱，配透明顶盖与个提手，适用于衣柜及卧室搁板的 可折叠的整理箱,10.21,家居厨房用品,衣橱收纳,https://img.kwcdn.com/product/fancy/e95b15ec-8757-4614-b109-fa58ec66e98a.jpg,0
39,1.1030355464523474,607135350007241,12个万圣节3D蝴蝶墙贴，装饰性镂空黑色蝴蝶墙饰，卧室与客厅背景墙贴画，派对与家居环境美化壁贴,1.27,家居厨房用品,节日饰品,https://img.kwcdn.com/product/fancy/5e6f1b02-1165-4b83-a20e-9a4b245fdbd3.jpg,0
40,1.101408177500442,606822421382108,节省空间的网眼袜子、内衣和腰带收纳盒 - 尼龙抽屉分隔板，7格款、11格款,3.7,家居厨房用品,衣橱收纳,https://img.kwcdn.com/product/open/3c8859f1d26b450b92e1bd6a2128cc16-goods.jpeg,0
41,1.0964694722877222,606944760848690,复古滑动收纳盒，怀旧金属罐，便携式高级整理盒，复活节圣诞节情人节多功能装饰礼盒，空盒,1.07,家居厨房用品,家庭收纳,https://img.kwcdn.com/product/fancy/e98acd3a-b59a-40ae-a5f2-72fe85b3fbb1.jpg,1
42,1.0906505139838791,607273728504121,10件套（固定器4个+固定条4个+香皂架1个+贴片1个） 隐形床单固定器，可调节防滑夹；无需工具安装，适用于所有床单和床垫，保持床单坚固紧实，隐形设计，适合所有尺寸（单人/双人/特大号，酒店用品，整洁达人的必备；壁挂式肥皂盒，沥水置物，免打孔,6.45,家居厨房用品,床上用品,https://img.kwcdn.com/product/fancy/93cd8a60-6e52-447f-837d-c1f7a52218c4.jpg,91
43,1.0852792418583002,606601163435290,42pcs粉白金色气球套装 ——10/5寸粉 白色，金属金乳胶气球，色彩柔和，时尚高级，适用于生日、花艺主题淋浴派对、婚礼、纪念日派对装饰，以及圣诞节、万圣节，单身派对告别，生日派对周年纪念、户外派对，婚礼庆典、室内外派对场景，轻松营造派对氛围感,2.63,家居厨房用品,节日聚会用品,https://img.kwcdn.com/product/open/43ae933a0bb549139bc68334fdfd0967-goods.jpeg,10
44,1.0822527880384019,605586963986560,2D平面画，2D平面画，1件2D木框帆布艺术画，描绘了克里姆特风格的城市景观，带有夜空，金色城市墙面装饰，带反光的艺术品，现代家居装饰,14.0,家居厨房用品,墙面装饰,https://img.kwcdn.com/product/open/90c464876d5d463e87db10949820ac91-goods.jpeg,2
45,1.0821980755434562,607349427253444,五个装透明可视储物袋，折叠拉链收纳盒，适合秋季和夏季床上用品、衣物、毛毯及床下储物，储物架收纳袋，床单储物袋，卧室衣橱内衣，床下储物,15.01,家居厨房用品,衣橱收纳,https://img.kwcdn.com/product/fancy/e906311c-de8a-43a6-846b-c063e85cc071.jpg,29
46,1.0784406758644864,607643565412724,2D平面 无框 3PCS 超级跑车海报，奇幻装饰画，现代艺术， 馈赠亲友佳品，万圣节装饰，房间壁画，办公室装饰，适用于客厅、卧室墙面装饰,3.4,家居厨房用品,墙面装饰,https://img.kwcdn.com/product/open/37784abc98a743edb89e3d6a707b1a2c-goods.jpeg,124
47,1.0762271500021887,607156019558007,自由伸缩立式搁架 6 个挂勾清爽台面SS-4,24.4,家居厨房用品,家庭收纳,https://img.kwcdn.com/product/open/e1fc9ce3c92d4b0db2ef3092eb6939b8-goods.jpeg,0
48,1.076128352918113,606827722947477,"7-Slot Clear Mesh Drawer Storage Bins 2pcs, Foldable Clothes for Socks, Briefs And Intimates, Closet Space Organizer for Household Use",4.18,家居厨房用品,衣橱收纳,https://img.kwcdn.com/product/open/6ac5378b95fa4712b552b9fb1028174e-goods.jpeg,0
49,1.0745710569252596,606789068279935,5 片装 2D 平面印花龟背竹图案杯垫，底部绿色设计，餐桌放置饮品杯具均可使用，清新森系氛围感，感恩节、圣诞节送礼优选，居家桌面装饰隔热两用好物,2.22,家居厨房用品,家居装饰,https://img.kwcdn.com/product/open/f8d56f89ff8c43cab370dec4bfc1ab07-goods.jpeg,1
50,1.0727736963319348,607260709347943,4pcs 信封枕套，高级纯色信封枕套，简约素色亲肤透气，家用民宿酒店通用，平整不易起皱，方便拆洗，卧室软装枕头套 4 件装（不含枕芯）,8.79,家居厨房用品,床上用品,https://img.kwcdn.com/product/fmket/84a3b8c74328e55a41c25efe373f1d22.jpg,38
51,1.0695272062310093,607039786961000,6副新奇眼镜，多孔镜框，轻盈舒适，轻量化设计，男女通用拍照眼镜，节日主题摄影道具佳选，时尚潮流款,8.4,家居厨房用品,节日聚会用品,https://img.kwcdn.com/product/open/8aa98b0e78cc477793a253ba54330d4a-goods.jpeg,7
52,1.0650828772737544,607189037076277,大容量恐龙奶粉罐与配方奶粉分装盒，带翻盖式顶盖——便携式双层加厚网格设计，适用于儿童与成人，塑料食品储存盒，适用于午餐、野餐、旅行,6.41,家居厨房用品,厨房收纳,https://img.kwcdn.com/product/open/266cf336ac204086a64f00bf0b4117f9-goods.jpeg,0
53,1.0648399142058669,607007037830627,2026升级款坐垫，L型人体工学设计办公椅坐垫，记忆棉椅垫，适合长时间坐着办公的员工通用款,25.38,家居厨房用品,床上用品,https://img.kwcdn.com/product/open/b4b2d50820df4ccc91fc53fe3da90f39-goods.jpeg,0
54,1.06381310655194,607259769816028,黄铜做旧微缩恶搞西装男喝茶手办模型沙盘造景摆件，幽默玩偶小雕像迷你金属收藏品，微缩沙盘盆景配件,2.17,家居厨房用品,家居装饰,https://img.kwcdn.com/product/fancy/7666859f-3ead-4852-b1b3-662f8418a8af.jpg,0
55,1.0629418789266876,607419421840914,1件 红/黑/橙色 万圣节快乐横幅 万圣节派对横幅 适用于血腥恐怖鬼屋 惊悚万圣节装饰 万圣节家居室内壁炉装饰,4.25,家居厨房用品,节日聚会用品,https://img.kwcdn.com/product/fancy/34823a16-9a64-496a-ba64-7b397d3ab70e.jpg,28
56,1.0619391060337222,607194942669259,6枚亚克力冰箱贴，防褪色印花装饰，强磁吸附，适用于厨房、办公室及金属家具，温馨日常家居装饰,4.22,家居厨房用品,厨房用品,https://img.kwcdn.com/product/fancy/33c0e3c3-6535-4705-af02-8abe38376118.jpg,54
57,1.061518553220177,606651495103505,2026年新款加厚楔形枕头 - 这款楔形枕头非常适合情侣在床上使用，独特的设计适合多种场景，如睡前阅读、手机使用、腿部放松和仰卧休息。,22.36,家居厨房用品,床上用品,https://img.kwcdn.com/product/open/cbbc9df5c96a442db876b4be0e7da48b-goods.jpeg,0
58,1.0603941280343023,606071489930120,1个个面枕套 - 姜橙色虎斑猫在花园中，带拉链封口，18.0X18.0英寸沙发、客厅、卧室、办公室靠垫套 - 不含内芯，宠物爱好者家居装饰礼物，猫咪枕套，卧室装饰,4.64,家居厨房用品,床上用品,https://img.kwcdn.com/product/fancy/8a89a435-4f6d-4b28-a20c-5fd525deb97b.jpg,2
59,1.0591898440185934,607675978994859,创意猫咪造型陶瓷首饰盘 家用玄关钥匙收纳碟 ins风梳妆台饰品展示盘 桌面装饰送女生小礼品,6.55,家居厨房用品,家庭收纳,https://img.kwcdn.com/product/fancy/b443ee57-3ab9-4a0c-bbff-de3c701034e9.jpg,0
60,1.059005472876046,607096561058594,2D平面 - 亚克力悬挂装饰品，包含2D平面圣诞耶稣降生场景，带有圣诞马和十字架 - 完美的圣诞礼物吊坠，送给朋友 - 非电动圣诞节和新年庆祝装饰品,0.71,家居厨房用品,家居装饰,https://img.kwcdn.com/product/fancy/c15ab8d8-6f1a-4015-a40e-c44441bef8eb.jpg,94
61,1.0579018245203977,606886778740108,复古滑动收纳盒，怀旧金属罐，便携式高级整理盒，复活节圣诞节情人节多功能装饰礼盒，空盒,0.97,家居厨房用品,家庭收纳,https://img.kwcdn.com/product/fancy/6eb35506-a9ec-46c4-b33a-857adaf2d69b.jpg,0
62,1.057374225853097,607309296172337,2Dflat2D平面旋转解剖模型：肝脏和胆囊 - 透明绿色亚克力材质，带旋转器官，适用于诊所、教育 - 解剖展示台，适用于医生、学生、研究人员 - 完美适配2D平面展示,1.98,家居厨房用品,节日饰品,https://img.kwcdn.com/product/open/1d04966a38ef48aebe5db2d344a8e624-goods.jpeg,0
63,1.056641271695134,607281982893817,实木卡通蜗牛造型创意茶杯垫，隔热防烫保护桌面免受水渍高温损伤，吸水防滑木质茶垫兼具装饰功能，适用于客厅厨房桌面保护垫，馈赠亲友生日派对万圣节感恩节圣诞节新年礼物,7.54,家居厨房用品,餐厅用品,https://img.kwcdn.com/product/open/cf5d057a8506473995d48e3bd32df362-goods.jpeg,0
64,1.0460034660239252,606606934827685,"1pc New Bohemian Style Sofa Cover, Vintage Interwoven Comfortable Sofa Blanket, Suitable for Pets, Anti-Slip Protection, Luxurious Thick Plush Sofa Cover, Machine Washable Soft Plush Furniture Decor, Suitable for Armchairs, Double Sofas",63.84,家居厨房用品,沙发装饰,https://img.kwcdn.com/product/open/fce74930999341ccbed505824c462905-goods.jpeg,0
65,1.0451206625346114,607297887653343,2026最新款 - 双色调蝴蝶轮廓床靠枕，全方位贴合腰部支撑垫，舒适坐卧两用垫，适用于室内卧室日常使用，优质慢回弹内芯，柔软且富有支撑性,22.91,家居厨房用品,床上用品,https://img.kwcdn.com/product/open/c30ec963cd5e4aac9c8ce667827fe606-goods.jpeg,1
66,1.042008278015519,607695306384222,30件装 悬浮画框展示架 3D珠宝展示盒带底座，尺寸4.33×4.33×0.79英寸，白色（含10个收纳盒与20个底座）,16.01,家居厨房用品,家居装饰,https://img.kwcdn.com/product/open/a09432c3e1f148e4825bdae58a1600bf-goods.jpeg,10
67,1.0364042530183182,606408376440750,2D平面画作，3件套棕色格纹碎花海报与印刷品，适用于家居装饰——复古中性色调植物墙画，含格纹野花图案，无框帆布画，适用于农舍风、田园森系、复古植物线描风格,7.49,家居厨房用品,墙面装饰,https://img.kwcdn.com/product/open/79237994e04548e58ec2be8e73a57992-goods.jpeg,14
68,1.0346459783033641,606937781507060,鲨鱼咬痕掠食者2D平面印花造型抱枕，时尚适用于卧室、沙发、房间及派对装饰，2D平面款,11.73,家居厨房用品,床上用品,https://img.kwcdn.com/product/open/6774cf9f217344a095ac944d8e7f7deb-goods.jpeg,0
69,1.0328075001630193,606750413523753,多巴胺三角靠垫，柔软毛绒床头腰部靠垫，适用于床和沙发,28.46,家居厨房用品,床上用品,https://img.kwcdn.com/product/open/d83e4182298244eea1c060417089dc7a-goods.jpeg,9
70,1.0311356305591517,607469149495406,1件装 YANSINBUY 现代几何菱形提花沙发套，适用于1/2/3/4座及L形组合沙发，毛绒防滑防刮椅套带靠垫保护垫，可机洗柔软罩套，适用于猫狗，客厅家居装饰,6.95,家居厨房用品,沙发装饰,https://img.kwcdn.com/product/fancy/a49fe915-f5f6-4383-b7ad-67d59b078dd0.jpg,0
71,1.0289774793259907,607336005528764,2pcs紧凑型三层壁挂置物架，墙面收纳搁板、悬浮展示架、墙上装饰架、墙壁陈列架，适用于卧室、书房、玄关、客厅等多种居家场景，专为家居爱好者、租房人群、家居软装改造者、小公寓住户打造。哑光质感板材结实稳固，多层分层设计，可摆放,20.71,家居厨房用品,家居装饰,https://img.kwcdn.com/product/open/4b6bfe5254dc4f16a9fac4bd13725a30-goods.jpeg,0
72,1.0285694665057032,607492771808284,12个装逼真腐烂假牙，万圣节吸血鬼角色扮演道具，恶搞派对装饰用品，恐怖惊悚场景布置,1.43,家居厨房用品,节日聚会用品,https://img.kwcdn.com/product/fancy/bcec0b85-449a-4995-bcee-2122181ebdac.jpg,19
73,1.0223560146927018,607460156881998,20套塑料晾衣夹。加厚防风塑料夹。用于悬挂内衣、衣物和袜子。图片夹、晾衣夹,1.28,家居厨房用品,衣橱收纳,https://img.kwcdn.com/product/fancy/1977f80a-db2d-4839-b5e0-1a4ded67c429.jpg,4
74,1.0203720060957364,607303793228652,4pcs植物树叶绿色米色抱枕套多功能适用于沙发躺椅卧室床椅子办公室非常适合春季新房开门红婚礼家用抱枕不含枕芯,6.69,家居厨房用品,床上用品,https://img.kwcdn.com/product/open/42cfd4e990264b16b2ad32898847e53e-goods.jpeg,0
75,1.0198035521727005,607240039835029,3个装个向手动打气筒，多用途便携充气泵，推拉个向充气设计，配软管和3种气嘴，适用于充气床、泳圈、充气玩具及户外用品,18.25,家居厨房用品,床上用品,https://img.kwcdn.com/product/open/556fb4d37d914421be5cf7f636a3219e-goods.jpeg,0
76,1.0188200202523092,605853872660866,2D平面画，带框艺术品，描绘2D雾蒙蒙的湖泊，共三幅，包括一幅宁静森林和日出帆布油画。这些现代艺术印刷品可用作时尚装饰品，适用于您的客厅、卧室。,28.31,家居厨房用品,墙面装饰,https://img.kwcdn.com/product/open/5cac74c9d5604f82931d4b6aa000cc72-goods.jpeg,1
77,1.016111401709402,606751218892186,3D 打印哑光黑阿兹特克死亡骷髅哨摆件 恐怖头骨发声口哨 暗黑小众桌面装饰工艺品 万圣节氛围道具复古图腾收藏摆件小众猎奇创意礼物,4.17,家居厨房用品,节日饰品,https://img.kwcdn.com/product/fancy/db6ace43-e35b-4b15-8d87-a7492187aab0.jpg,9
78,1.0156722061979881,606864767032236,4件装双面可爱抱枕套?? 柔软摇绒面料?? 适用于沙发卧室客厅的万圣节装饰?? 简约惊悚风抱枕套?? 家居礼品,11.12,家居厨房用品,床上用品,https://img.kwcdn.com/product/open/87bff18d58694eb38ae9aa202f00ce8d-goods.jpeg,0
79,1.0151068010638824,607639874438344,2条装可爱猫咪指尖巾，珊瑚色，适用于浴室厨房日常使用，带悬挂设计,5.78,家居厨房用品,毛巾浴巾,https://img.kwcdn.com/product/fancy/d02401fd-e32d-401d-af28-fa18304dea5d.jpg,0
80,1.0141452282294872,605763594480213,黑色亚克力飞机模型雕塑 - 现代简约亚克力航空复刻，逼真螺旋桨飞机及机头艺术，适合家居办公室桌面装饰,2.27,家居厨房用品,家居装饰,https://img.kwcdn.com/product/open/5bc8e1e21f11452c886e8ef1394d36b1-goods.jpeg,0
81,1.0131623872301605,607454117100113,1件树脂彩色碎石蟹雕像 透明树脂动物摆件 桌面装饰 家居客厅海洋沙滩饰品,1.61,家居厨房用品,家居装饰,https://img.kwcdn.com/product/fancy/5690dea2-59d3-4fbc-b58a-5fc4f444b6fe.jpg,10
82,1.0124296712719882,607297887691053,2D平面画作，3件套现代波西米亚抽象波浪线条与银杏纹理帆布墙壁艺术 - 米色、绿色、粉色厚涂三联画，适用于客厅、无框植物印画，办公室、宿舍皆宜 - 春秋装饰，2D平面,6.29,家居厨房用品,墙面装饰,https://img.kwcdn.com/product/aisc_image/algo/opt/63542bdb/c01b7e7d/5af2b64aa3c34fa59986ebf3a2eab857-goods.jpeg,0
83,1.0101032275551454,607419891604290,4pcs 2D平面印花，花与蝴蝶主题抱枕套，非真实刺绣，复古木纹与格纹装饰风格，柔软舒适方形沙发靠垫套，多尺寸可选，适用于客厅、卧室、书房和阳台，不含枕芯,5.49,家居厨房用品,沙发装饰,https://img.kwcdn.com/product/open/41d1a6bc1b984f00ba15d0639860a3dd-goods.jpeg,3
84,1.0079841742998736,607209975083209,2pcs/set 小方块提花摇粒绒大分体椅套 两片式椅背套+椅面套组合装,7.43,家居厨房用品,沙发装饰,https://img.kwcdn.com/product/fancy/a72351f0-e2c0-48b5-8911-778ac3e1fe91.jpg,17
85,1.0079164774692517,606891476373649,2D平面，1件亚克力家居装饰 - 优雅的金色小猪，表情丰富的眼睛，旋转运动，稳固的底座和开口硬币槽 - 新年、乔迁、生日的幸运财富吸引礼物 - 耐用的桌面装饰品（适合中国新年，节日装饰）- 可旋转设计，带有复杂的金色图案和光泽表面,1.23,家居厨房用品,节日饰品,https://img.kwcdn.com/product/open/20113bdf2c7e449cbfde08e1083ef2e8-goods.jpeg,18
86,1.0078722269902083,607186084319279,1 件可爱猫咪水龙头支架，带排水孔的海绵储物架，适用于浴室和厨房节省空间，排水架 |装饰储物|耐用海绵架、浴室收纳件和储物架,2.49,家居厨房用品,厨房收纳,https://img.kwcdn.com/product/algo_framework/ImageCm2InAlgo/43d5367e-90d1-11f1-be35-0a580aa449f0.jpg,7
87,1.006763878266365,606786652320248,2条装航海贝壳图案厨房洗碗巾，海滩海岸风情“快乐如蛤蜊”主题擦手巾，趣味海洋格纹农舍风浴室家居装饰，towels,6.59,家居厨房用品,毛巾浴巾,https://img.kwcdn.com/product/open/db5304520204441f8b68522fdc4d398b-goods.jpeg,0
88,1.005634306635368,607222323105446,2D平面1件装 大西洋蝠鲼 金属墙饰 海洋动物金属标牌 装饰 乡村海岸牌匾 独特海洋生物墙面装饰 家居客厅卧室办公室庭院室内外时尚礼物 海洋爱好者 迁居 生日,5.54,家居厨房用品,家居装饰,https://img.kwcdn.com/product/open/f6423560bffa42aeb008a25cc63d27f7-goods.jpeg,4
89,1.0039669830294422,607257756582834,127张 B-Tuan Fangdan Teen 2.0 个人卡和贴纸（55张个人卡和72张贴纸），是送给朋友的理想礼物,4.85,家居厨房用品,家居装饰,https://img.kwcdn.com/product/fancy/cbecf872-f90d-4440-93af-1eb703fd346b.jpg,89
90,0.9992630366907592,607693561521947,10个白色透气网眼欧根纱袋，透明抽绳袋，适用于婚礼礼品、珠宝包装、节日礼品、化妆品，多功能礼品袋,1.6,家居厨房用品,节日聚会用品,https://img.kwcdn.com/product/fancy/9d43c93c-ae74-48d0-9186-c0452578bb71.jpg,14
91,0.9989649867047499,607119780730956,鼠尾草香味香棒适合露营，冥想，积极，酒店，室内室外，户外，净化，香味 节日完美礼物,1.4,家居厨房用品,家居装饰,https://img.kwcdn.com/product/fancy/29d5e0a7-dfb8-4861-808a-72d0f1b4d67e.jpg,0
92,0.9988856213670041,607653430436540,1件复古磁性相框，可用来放置回忆照片冰箱磁铁，个性化电影条 | 个性化浪漫礼物，采用软磁材质，带有复古胶卷纹理，适合生日和周年纪念日，送给他/她,0.72,家居厨房用品,家居装饰,https://img.kwcdn.com/product/open/dd7e60bd955f456abb3d6073ce117418-goods.jpeg,9
93,0.9969066942142064,607255072236332,大容量衣物收纳袋 加固提手 可折叠拉链整理袋 适用于被褥、床上用品、衣柜、搬家与宿舍 床下储物,7.09,家居厨房用品,衣橱收纳,https://img.kwcdn.com/product/fancy/c8227e66-2229-43cc-b8d5-3b0af5a7bc24.jpg,0
94,0.9962815640107359,607113740923988,迷你3合1充气泵，可充电便携式电动打气泵，4.5 kPa超强吸排气，超小型充气泵，配5个气嘴，适用于充气床垫、泳圈、浮排等充气用品 。,10.76,家居厨房用品,床上用品,https://img.kwcdn.com/product/fancy/c9023dcc-0ad9-4c13-9f83-52a1d524a371.jpg,10
95,0.9956235277190272,607322717919488,2D平面画，1件装无框竖版小猫海报 - 现代简约黑猫墙壁艺术，适用于客厅、卧室、厨房装饰，可重复悬挂的帆布画，适用于浴室、走廊，送给爱猫人士的生日礼物，装饰品，2D平面画,3.14,家居厨房用品,墙面装饰,https://img.kwcdn.com/product/fancy/ef08a900-4f9d-41aa-81ec-c0910f6c1643.jpg,22
96,0.9933831134663584,606805577064875,5件套食品级硅胶烘焙工具组 - 耐高温刮刀与刷具组合，易清洁多功能厨具，适用于蛋糕装饰/烹饪/烧烤，是万圣节与圣诞节的理想赠礼,4.63,家居厨房用品,厨房用品,https://img.kwcdn.com/product/fancy/527998fe-a547-43a1-ae49-5bafd89bda32.jpg,0
97,0.9922270784681135,606832085009439,"1pc Vintage Sewing-Themed Round Refrigerator Magnets Suitable for Home, Office, Cabinet, Dishwasher - Decorative Holders with Retro Sewing Machine for Fridge, Craft Hobby Gift for Christmas, Easter, Ramadan Decorations, 2D Flat",1.74,家居厨房用品,厨房用品,https://img.kwcdn.com/product/open/cbd33efc4c01439bbd2874de83ff18d9-goods.jpeg,0
98,0.9867806426328105,606878591504742,20件装迷你坩埚壶套装，万圣节黑色女巫坩埚派个礼品与桌面装饰——新奇非食品接触道具，适用于恐怖主题派个、家居及桌面陈列,15.37,家居厨房用品,节日聚会用品,https://img.kwcdn.com/product/open/8a7cf12b25724e78a88017a62dfcad4a-goods.jpeg,0
99,0.9851613413105347,606989388238034,2D平面画，1张炫酷DJ猫咪海报 - 复古音乐墙壁艺术，适用于客厅、卧室、酒吧装饰，现代竖版DJ主题印刷品，舒适夜店休息室装饰，适合宿舍，春夏礼物，为音乐爱好者准备的温馨帆布画，2D平面画,4.28,家居厨房用品,墙面装饰,https://img.kwcdn.com/product/open/d0fe4f01be8545bdb63487e736c14dc0-goods.jpeg,37
100,0.981263715688195,607427273586199,大容量拉面碗餐具套装（带盖)，微波炉及洗碗机适用，双耳隔热汤碗，家用宿舍便当盒，适用于拉面、汤品及意面,2.61,家居厨房用品,餐厅用品,https://img.kwcdn.com/product/open/3290883ee37a415a876ec75ddf2b6947-goods.jpeg,12
101,0.9802650841679933,607557867396973,2个装葡萄酒瓶架，个性化单瓶葡萄酒架，桌面展示架，自平衡台面葡萄酒架，餐桌收纳整理架,21.03,家居厨房用品,厨房收纳,https://img.kwcdn.com/product/open/07a03f0414b14c6a9101c883dcab1157-goods.jpeg,0
102,0.9788639754820112,607251850957300,1PC 有趣的圣诞驯鹿卫生间贴画，驯鹿阅读报纸式卫生间装饰品，易于安装的自粘式PVC墙贴，适用于浴室马桶盖圣诞装饰贴花,1.19,家居厨房用品,浴室用品,https://img.kwcdn.com/product/open/e4b2665074f24a3893625e54b09b8d66-goods.jpeg,0
103,0.9767465099527668,606600492336853,51只装马芬纸杯 纸杯蛋糕衬垫 烘焙杯托 马芬盒 蛋糕杯 DIY蛋糕工具 厨房烘焙用品,2.37,家居厨房用品,烘焙用品,https://img.kwcdn.com/product/open/2024-10-03/1727963459133-5c717d393dd742e7a6cd6ae1db65ef2b-goods.jpeg,2
104,0.9765840909399094,606526219648073,"1pc，无框，2D flat,秋日湖景风景画，复古乡村农舍风格，秋季墙面装饰画，，有趣的帆布画墙壁装饰，适合餐厅酒店办公室，家庭客厅卧室浴室，房间装饰艺术品帆布墙艺术海报，异想天开，完美的创意礼物",5.84,家居厨房用品,墙面装饰,https://img.kwcdn.com/product/fancy/129a65c6-ae1a-4f81-adcf-37a144762ce6.jpg,12
105,0.976354765582488,607479886913461,装饰抱枕套，45.72×45.72厘米双面印花，1件装，绣有白南瓜图案，适用于米色沙发场景，优质材质，为家居装饰增添雅致,2.99,家居厨房用品,床上用品,https://img.kwcdn.com/product/open/11f2f219a997436ba384e60ff68d5850-goods.jpeg,7
106,0.9760183560306879,607245408525049,"1pc Four Seasons Suitable Flannel Blanket Autumn Leaves Pattern Print Design Great Gift for Family, Friends, Lovers And Relatives for Home, Living Room, Office & Outdoor Occasions Machine Washable",7.24,家居厨房用品,毯子,https://img.kwcdn.com/product/open/1fdcfa25a345417abe168038334c0676-goods.jpeg,0
107,0.9757356586811703,607428011756758,家居好物杏语沙发套，高弹全包布艺沙发罩，防滑耐磨家具保护套，多尺寸通用单人 / 双人 / 三人 / 四人沙发套，四季透气居家软装防尘罩，易拆装可水洗旧沙发翻新套,26.85,家居厨房用品,沙发装饰,https://img.kwcdn.com/product/open/762c9dc96fab4d1ca31aa3ed979f17d0-goods.jpeg,0
108,0.9755191399156142,601104096472202,2件套，墙面装饰画，复古海报，极简线条艺术印刷品，田园风格现代植物帆布画，客厅装饰，卧室美学设计，朋友礼物，乔迁礼物，无框,8.63,家居厨房用品,墙面装饰,https://img.kwcdn.com/product/open/4a0f0bd299e44e02a0035509be2e7350-goods.jpeg,28
109,0.9754005410164456,605537370477744,2D平面圆形木板标牌，有关神圣家庭的复古木板牌匾，圣母玛利亚约瑟夫和耶稣装饰牌，适合客厅装饰、书房装饰、餐厅装饰或礼物。 Chinese,2.42,家居厨房用品,节日饰品,https://img.kwcdn.com/product/21137b205b4/697a1af9-e8f4-4dc7-8350-1533068e329a_800x800.jpeg,64
110,0.9748311374963015,606952881004638,4pc几何腰枕套，棋盘、方格条纹、波点图案，拉链闭合，装饰枕套|矩形枕套，长方形枕套，靠腰枕套，腰枕支撑，枕头枕套，适合沙发 床 客厅 卧室等，适用于各种房型-不含枕芯,5.83,家居厨房用品,沙发装饰,https://img.kwcdn.com/product/open/3c706b8ce1b44ab386d256791c8bc560-goods.jpeg,14
111,0.9744590729224692,607199036319747,108个蓝色黑色金属蓝色银色乳胶气球花环拱门套装，10英寸，5英寸，适用于生日派个、男士生日派个装饰、毕业典礼、迎婴派个、父亲节、新年、毕业季,11.04,家居厨房用品,节日聚会用品,https://img.kwcdn.com/product/fancy/c1592863-c9be-494d-a1e3-faf496a13878.jpg,21
112,0.9738826934142861,607389692612041,2D平面旋转亚克力桌面装饰品 - 优雅互锁环设计，360°旋转底座，母亲节父亲节礼物现代家居摆件，1个,1.68,家居厨房用品,节日饰品,https://img.kwcdn.com/product/fancy/2872ca04-2848-43f5-9e32-348938b6c7cb.jpg,0
113,0.972709272192005,606471525913089,2D graphic design2D平面，1件，迷人波希米亚风格海鸥木质标志牌 8x8英寸 带框 海洋鸟类海滩场景 可爱野生动物浴室装饰，农舍桌面完美装饰品，节日礼物首选，2D平面,4.42,家居厨房用品,家居装饰,https://img.kwcdn.com/product/fancy/bcca250e-ef89-4309-85ef-d3704112564d.jpg,1
114,0.9726102440902168,606725717470633,一套3件极简主义金属墙 आर्ट，包含抽象线条描绘的女性图案，非常适合装饰您的厨房、浴室或客厅，有黑色可选，展示背部和手部.,12.12,家居厨房用品,家居装饰,https://img.kwcdn.com/product/open/ba496ca1e7374492b0ebbbed3cfc6853-goods.jpeg,8
115,0.9720130643850087,601104825976906,"定制您喜欢的图片帆布装饰画带框，定制，1pc有框、品质有保障，艺术品，壁画，彩色冲印，照片,相框照片板，功能防水，耐腐蚀，高还原独一无二，个性化装框帆布印刷品，个性化艺术装饰画,定制墙壁装饰画海报壁画。",16.72,家居厨房用品,墙面装饰,https://img.kwcdn.com/product/fancy/acea9374-b085-432c-942e-e17677219057.jpg,4
116,0.9718395970653454,606953753420960,"2/3 Printed Durable Quilted Bedspread Set, Dark Backdrop with Floating Numeric Light Spots And Deep Curtains, 1 Bedspread And 1/2 Pillowcases (Pillow Inserts Not Included), for Home And Dorm, Breathable And Easy to Care for",11.04,家居厨房用品,床上用品,https://img.kwcdn.com/product/fancy/587c5470-37b2-43f7-ad47-5b41887ae81c.jpg,0
117,0.9710987471582624,606107728743830,1个越野磁性冰箱贴，适用于家庭、办公室、橱柜、洗碗机——坚固圆形亚克力磁铁，带探险主题装饰，耐用，适用于冰箱、门、搁架及节日装饰，2D平面款,2.26,家居厨房用品,厨房用品,https://img.kwcdn.com/product/open/f860903f922c41f898f3f52ede9a9005-goods.jpeg,0
118,0.9698344608489032,607442171750096,二维平面，1件装西部女牛仔 - 复古竖版无框画，适用于客厅与酒吧装饰，四位戴牛仔帽手持酒杯的女性，充满活力的民间艺术香槟主题，自带背胶可悬挂，/也适用于办公室，二维平面,4.61,家居厨房用品,墙面装饰,https://img.kwcdn.com/product/2123a62d0c/3e3dffc0-3f65-49a6-a4cb-e47edd9a34cc_1323x1323.jpeg,81
119,0.9695259284267816,606631228188711,1件现代灰色沙发套，适用于双人/两座沙发 - 柔软透气纹理罩套，带松紧弹性贴合，可机洗 - 单件，适用于客厅与书房装饰，适合大多数沙发，2D平面款,48.71,家居厨房用品,沙发装饰,https://img.kwcdn.com/product/open/82c9a3b28f454a8cb6852ce842024c83-goods.jpeg,0
120,0.9689957295139071,606644515787109,1件款式大小随机发货千鸟格收纳袋，防尘双拉链设计，带把手的厚被子、外套整理袋，衣柜储物容器，美观实用，床下存储,3.76,家居厨房用品,衣橱收纳,https://img.kwcdn.com/product/algo_check/auto/de466c1da3cefdf5924fc07c23b88e49_1750254851971.jpg,7
121,0.9669289389726227,606664312894889,2D平面画作，1件现代波西米亚简约竖版无框帆布墙壁艺术海报 - 抽象风格，适用于多种尺寸，适用于客厅、卧室、厨房、办公室、咖啡馆，可作桌面摆件或悬挂装饰画，复古海报装饰品，2D平面,4.15,家居厨房用品,墙面装饰,https://img.kwcdn.com/product/fancy/e5941064-8590-4813-87f4-ed34ebc45ed3.jpg,181
122,0.9668896487300506,607663496752137,2个 耐用运动水壶 - 40oz 超大容量、耐高温、适合返校、运动、户外和家庭使用，适合作为便携式杯露营，完美的圣诞礼物 (黑色）,12.08,家居厨房用品,杯具,https://img.kwcdn.com/product/fancy/00576fcf-5c77-46ae-acbc-f0269ccdf47a.jpg,2
123,0.9655545649301358,607233328953150,1个迷你全地形车与雪地摩托磁性冰箱贴，适用于厨房、探险主题冰箱装饰，采用ATV主题设计，耐用亚克力长方形磁铁，用于家居装饰，适用于厨房和家居装饰，节日礼物，2D平面款,1.55,家居厨房用品,厨房用品,https://img.kwcdn.com/product/open/010eabd20703416bb5635035d720efab-goods.jpeg,0
124,0.9645506589545744,607070791239620,5卷60只紫色防漏平口垃圾袋，适用于家庭、厨房、办公室及户外清洁！多用途垃圾袋，适用于家庭、厨房、办公室、学校、户外 - 紫色，办公用品-万圣节礼物、圣诞节礼物,6.55,家居厨房用品,清洁用品,https://img.kwcdn.com/product/fancy/0901d531-3ccb-481b-bf14-35af267d0509.jpg,0
125,0.9642472379173723,607470223227639,4pcs 2D printing 复古水彩枫叶秋日感恩节装饰抱枕套 米黄色做旧风格枫叶 2d平面印刷单面印刷柔软面料拉链闭合可机洗 适用于家居厨房沙发客厅卧室户外床品装饰靠垫套 无枕芯 家用抱枕 装饰抱枕 节假日抱枕 最好的节日礼物,6.69,家居厨房用品,沙发装饰,https://img.kwcdn.com/product/open/6704ffd169874277b51ad421b8adf9e4-goods.jpeg,0
126,0.9633614801112867,607061798693273,手绘复古树脂猫头鹰雕像 - 弹奏钢琴的猫头鹰摆件，带钢琴细节，适用于家庭、办公室、婚礼装饰，桌面鸟类雕塑，赠予钢琴爱好者与猫头鹰收藏家的复古音乐装饰品,9.77,家居厨房用品,家居装饰,https://img.kwcdn.com/product/open/8595a3db55064f4a834510c7fc6d90da-goods.jpeg,0
127,0.9593503871208429,605890983868006,2D平面，2D平面，装饰墙饰，复古印花，来自Momoyogusa的花卉设计，日式装饰艺术，瓦舍（Wabi-Sabi）风格，Japandi和浮世绘（Ukiyo-E）艺术复制品，非常适合卧室或客厅装饰,3.81,家居厨房用品,墙面装饰,https://img.kwcdn.com/product/open/9b2d1cf90c074b679560922715aadc2d-goods.jpeg,38
128,0.9561649068693412,606662769394551,16件装女士一次性SPA浴袍，可调节闭合，不用毛巾，蒸汽浴室浴袍（白色）,16.71,家居厨房用品,毛巾浴巾,https://img.kwcdn.com/product/open/3b3505be396a4f5abe6480240a9c4e89-goods.jpeg,5
129,0.9561331399821923,607490288807646,2个装皂液器套装，浴室厨房洗碗皂液器，12盎司洗发水和护发素分配器，可再填充空瓶，带漏斗，现代优雅家居装饰,5.01,家居厨房用品,浴室用品,https://img.kwcdn.com/product/fancy/7f926da8-a4a9-4b5b-baed-407811da01fd.jpg,9
130,0.95598218336589,607607662188121,1pc 装饰墙贴开关贴，Wall stickers，Merry Christmas，自粘防水可移除贴纸，搞怪记得关灯提示牌圣诞老人图案，适用于派个装饰、家居装饰、厨房装饰、客厅装饰、卧室装饰等,0.71,家居厨房用品,家居装饰,https://img.kwcdn.com/product/fancy/7c65fda3-bb57-4ded-a330-e4ad12a5a867.jpg,0
131,0.9541894179325542,607183131477458,1件装磁帘，用于窗帘的窗帘固定物，用于波西米亚卧室装饰的木珠窗帘架，婴儿托儿所装饰，农舍装饰,3.6,家居厨房用品,窗饰及配件,https://img.kwcdn.com/product/fancy/3728dd46-0eff-4333-8e76-195df3f205b9.jpg,2
132,0.9537306620733408,606662769359076,8件（4对）窗帘夹套装 | 优质金属材质，安装简便且牢固耐用——家居必备配件,1.72,家居厨房用品,窗饰及配件,https://img.kwcdn.com/product/open/b344611ac43b410cb302420bdc4cef79-goods.jpeg,11
133,0.9511884794778294,606669882921618,汽车头枕，腰部支撑，驾驶腰垫，床头阅读枕，适合坐姿，腰椎支撑和颈椎支撑床头枕，适合躺卧、玩耍、休息、在沙发上或在地板上看电视,11.69,家居厨房用品,床上用品,https://img.kwcdn.com/product/fancy/b4873ddc-30b5-48fe-bf74-ff8f5573c2d0.jpg,0
134,0.9506605868792739,607449956364062,4PCS抱枕套 橙白简约南瓜秋季感恩节装饰 乡村风南瓜枫叶花卉印花 客厅沙发靠垫套 单面印刷 亲肤柔软 拉链闭合可机洗 适用于家居厨房沙发 客厅 卧室 户外 床品装饰 无枕芯 最好的礼物 家用抱枕装饰 沙发床上装饰抱枕,6.53,家居厨房用品,床上用品,https://img.kwcdn.com/product/open/26a24c54c62b4b4d8a9147b7102126fb-goods.jpeg,0
135,0.9505883385061807,607078710120040,"1件2D平面图案,圣诞窗贴玻璃静电贴纸，窗贴，玻璃贴画，窗户贴花圣诞老人圣诞树礼盒图案玻璃贴膜拆卸，易于安装，适用于浴室、厨房、办公室、家居装饰防水贴纸、浴室窗户装饰、婚礼和派个、装饰门窗、圣诞节玻璃窗户装饰贴纸 个面打印-玻璃贴膜",2.28,家居厨房用品,窗饰及配件,https://img.kwcdn.com/product/open/55ad703525a8411f84719eadaa6ada94-goods.jpeg,0
136,0.9503906428268962,607041934434073,100%纯棉床笠，方格几何图案床垫套，全包边松紧带深口袋床单，白色和灰色可选，可以机器洗 卧室适用(不含枕套),28.15,家居厨房用品,床上用品,https://img.kwcdn.com/product/fancy/30472a6a-aa82-423a-880a-20c693471fbf.jpg,0
137,0.9501078661872048,606354102149952,2D，1PC，上传你喜欢的照片来定制，1件定制照片帆布印刷，个人化自定义壁画带框架，适合客厅，卧室，办公室装饰，婚礼，周年纪念日，节日，室内外使用的独特礼物，帆布墙艺术准备好挂，可选多种尺寸,10.67,家居厨房用品,墙面装饰,https://img.kwcdn.com/product/fancy/0bd45435-3b1f-43cc-8463-02e1e1df23a8.jpg,5
138,0.9497842789890024,607126625869746,静电条纹免胶磨砂玻璃贴膜，半透明条纹设计，适配办公室移门、玻璃隔断、窗户，兼具防撞腰线功能。无需胶水，静电吸附安装便捷，可自由裁剪，透光柔和不遮挡采光，质感高档，粘贴牢固可重复使用，撕除不留胶痕、不伤玻璃，提升办公空间格调,3.63,家居厨房用品,窗饰及配件,https://img.kwcdn.com/product/fancy/cba6a0b5-4f43-49d0-8272-692573d7b14c.jpg,63
139,0.9489876573152105,607495993021387,2D平面-2件个面印刷复古棕色调水彩花卉枕套，柔软且朦胧的破损墨水花卉图案，营造出柔和的中世纪氛围，适用于复古、法式及田园风格的家居装饰品，采用2D平面印刷工艺，不含枕芯,5.71,家居厨房用品,沙发装饰,https://img.kwcdn.com/product/fancy/c6c10e90-a0c9-4e2e-8179-4e3bb4798821.jpg,18
140,0.9487430112113303,607669536580973,2 /3 件 棒球帽清洗笼，带内置支撑框架与拉链网布洗衣袋的可重复使用帽子清洗保护套，洗衣机用防变形帽子固定架，家用洗衣清洁配件,14.31,家居厨房用品,衣橱收纳,https://img.kwcdn.com/product/open/8124a873e6e64d8ca82e173bcbd7e8ce-goods.jpeg,3
141,0.9480217213091696,607228631341835,Patchwork Plaid Blanket with Rustic Red Blue Orange Pattern for Cozy Nap Indoor Use Adult Gift for Thanksgiving And Holiday Season,10.4,家居厨房用品,毯子,https://img.kwcdn.com/product/open/383564fd3c4a4f169c1edcd0db81c5b8-goods.jpeg,0
142,0.9474270877489777,605600989689535,2根便携式晾衣绳 - 升级加厚防滑防风晾衣绳 - 室内外通用 - 适合露营、旅行和居家 - 徒步旅行者和露营者的完美礼物,2.01,家居厨房用品,衣橱收纳,https://img.kwcdn.com/product/open/925cd6f6318e4d30bfb714620c4c6de9-goods.jpeg,25
143,0.9451621384692164,606805174366202,18个可爱彩色收纳篮，大容量便携式整理盒，适用于文具、杂物和小物件，迷你桌面装饰篮，适用于办公用品和书架（每种颜色22.86Cm），书架收纳篮,21.0,家居厨房用品,家庭收纳,https://img.kwcdn.com/product/fancy/a68c6ac7-241d-4de9-89ef-66e4885e2ee1.jpg,0
144,0.9450449634193437,605503077894423,1pc 新款 2D 平面印刷 黑棕线条叶丛创意桌旗 四季通用 黑棕线条风格 文艺氛围 黑棕配色 聚酯纤维 适用于节日派个，家具商铺、书桌 餐桌装饰，礼物赠送,1.7,家居厨房用品,餐厨布艺,https://img.kwcdn.com/product/open/20c18c2b0e0c4c0390ac787253630e5c-goods.jpeg,29
145,0.9429876359914083,606632033521107,JIT 2PC 抱枕套，2件装，扁平款式 南瓜图案，浅米色底，点缀橙白南瓜，暖色调 适合感恩节季节装饰,7.61,家居厨房用品,沙发装饰,https://img.kwcdn.com/product/open/0ece170a1c1e490ca281a1565ae0d800-goods.jpeg,21
146,0.9417607105681052,606662366733111,2pcs 个面印刷 米灰乡村复古格纹，抱枕套、靠垫套，客厅软装搭配，四季居家装饰，2D 平面印刷，不含枕芯 jit,5.07,家居厨房用品,沙发装饰,https://img.kwcdn.com/product/open/98939bb8a12e4d4ba6a892e9725d7587-goods.jpeg,0
147,0.9415158005941797,607384458069647,2D Flat，一件小鸟暖心寄语圆形装饰挂牌，相拥小鸟搭配花草爱心图案与治愈英文文案，画风温柔细腻，适合卧室、花园、客厅、温馨小屋，烘托治愈舒缓的氛围感墙面装饰。,1.31,家居厨房用品,家居装饰,https://img.kwcdn.com/product/fancy/c641e9f2-b0a0-4cf7-aa87-593c82f6fbc3.jpg,3
148,0.9397227507882498,607549680141405,2026年新升级的多功能人体工学枕头，适合睡觉、阅读、坐着和躺着的颈部支撑枕，带可拆洗的外套，是送给家人和朋友的完美礼物,34.84,家居厨房用品,床上用品,https://img.kwcdn.com/product/open/ae18067815914291af67b92cc7bde82f-goods.jpeg,0
149,0.9391500194871438,606948518931552,抽屉柜子的垫子无纺布材质可根据需要的尺寸随意裁剪,8.56,家居厨房用品,厨房收纳,https://img.kwcdn.com/product/fancy/860db0d9-586a-4567-b4f2-1884c895d886.jpg,0
150,0.9388457759700015,607334529097009,2D平面亚克力龙带发光球摆件设计 - 波西米亚幻想龙像，浓郁棕蓝色设计，无需电源，家居办公桌面装饰，理想礼物送给幻想爱好者、父亲节、母亲节，龙主题摆件，波西米亚风格，鲜艳色彩,1.96,家居厨房用品,节日饰品,https://img.kwcdn.com/product/open/66d2a1cc4e2e44c79f737c3afde5a59c-goods.jpeg,0
151,0.9371105758487747,607693561545172,"1卷彩色小鸟主题PVC窗膜, 静电粘附装饰玻璃贴纸，适用于家居、办公室、厨房、浴室 - 隐私与光线过滤",2.83,家居厨房用品,窗饰及配件,https://img.kwcdn.com/product/algo_check/auto/ac6ff7086f8c1d8b1e6456a3417366ec_1732262299926.jpg,15
152,0.9368690480493126,607172394103349,59件装蜘蛛主题气球套装，含25.4厘米黑色、银色、红色及蓝色气球 | 适用于迎婴派对、蜘蛛主题生日派对装饰、房间背景布置、圣诞节与万圣节派对装饰,3.9,家居厨房用品,节日聚会用品,https://img.kwcdn.com/product/open/170e655bf57647acbe2c25d8aba1b9ee-goods.jpeg,10
153,0.9365487283423592,606934560301392,4件装秋日枫叶黑猫南瓜抱枕套 复古万圣节温馨沙发装饰靠枕，单面方形聚酯枕套现代沙发装饰，适合全季节室内/户外使用，送礼,8.33,家居厨房用品,沙发装饰,https://img.kwcdn.com/product/open/2dbfda2f74ff466ca77125418e6df36e-goods.jpeg,4
154,0.9364312519057791,606034261287847,2D平面画作，2D平面画作，三幅带框艺术品套装，描绘柠檬树林，非常适合沿海主题装饰。这些帆布画展示地中海风格，非常适合现代家居装饰，包括客厅、卧室。,27.98,家居厨房用品,墙面装饰,https://img.kwcdn.com/product/open/739104c534da482f9c6a48809f028def-goods.jpeg,1
155,0.9337865584463005,606042297606386,速效塑料泛黄去除剂，修复焕新泛黄空调，美白塑料面板，修复马桶表面，多功能泛黄去除剂,2.72,家居厨房用品,清洁用品,https://img.kwcdn.com/product/open/8e42ddc2a37a43aa807ad07f1076fd45-goods.jpeg,0
156,0.9331871008733436,606899932129116,10件便携式定制旅行配件收纳盒，迷你珠宝配件收纳盒，戒指、耳环、项链首饰整理盒，圣诞节、母亲节、婚礼伴娘的完美礼物！首饰盒,34.93,家居厨房用品,家庭收纳,https://img.kwcdn.com/product/fancy/57572bae-4ef3-42f5-ada9-15f5fa0551a7.jpg,0
157,0.9324601686425058,607523373466692,2D平面定制照片帆布画 1件装 - 可根据您提供的图片进行个性化制作，上传您的照片，适用于客厅、卧室装饰，现代肖像墙画，可作为家庭礼物、婚礼礼物、宠物肖像，上传您的图片,2.54,家居厨房用品,墙面装饰,https://img.kwcdn.com/product/fancy/560ba3af-c8df-4045-b75a-1b987ee35812.jpg,0
158,0.931058540164071,607225007435257,鞋盒，透明盖鞋子收纳箱，可调节隔板，防尘大容量，可容纳多达16双鞋，可折叠，透明盖，加固把手，适合运动鞋、靴子及高跟鞋，适用于衣柜、玄关及卧室收纳,17.94,家居厨房用品,家庭收纳,https://img.kwcdn.com/product/fancy/4e3c6b95-d616-478b-a92b-64a6a94310c2.jpg,5
159,0.9310497398225761,605756950702659,1pc桌旗，夏季复古中世纪几何桌布 - 抽象青蓝和粉红格子设计印花图案桌布，生日派对装饰，非常适合春夏季厨房装饰，户外花园派对装饰；餐厅装饰桌布，房间宴会装饰用品,2.19,家居厨房用品,餐厨布艺,https://img.kwcdn.com/product/open/b0145a6bfcfc4fd5a23b7488a211e607-goods.jpeg,0
160,0.9303190971510393,606696592249617,1PC秋冬加厚保暖仿兔毛床笠（不含枕套）加绒加厚床垫保护套 360°全包裹防滑床单 柔软亲肤吸湿透气 可机洗 适配各类床垫尺寸 多种颜色和尺寸可选，适用于家庭、宿舍及酒店使用 感恩节圣诞节礼物,33.67,家居厨房用品,床上用品,https://img.kwcdn.com/product/fancy/2ddb37ce-e94f-45f0-8c0d-a1b6c48b82c4.jpg,2
161,0.9274841265395107,607694232616571,56件套（28个底托+28个盖子）3.4盎司心形迷你面包模具，带盖迷你蛋糕模具，一次性小蛋糕模具，烘焙杯，松饼烤盘，蛋糕杯，适用于派对、婚礼、生日、圣诞节、新年快乐、情人节,15.62,家居厨房用品,烘焙用品,https://img.kwcdn.com/product/open/aee3ec05cf4449ea97e25e270eaa66c2-goods.jpeg,0
162,0.9271805282119244,607163871280687,"2D Flat 4pcs - Rustic Lemon Blossom Beige Circular Placemats Suitable for Parties, Home Use, Themed Restaurants, Halloween, And Christmas Decorations. Ideal for Both Indoor And Outdoor Use",4.98,家居厨房用品,餐厨布艺,https://img.kwcdn.com/product/open/4869d9bb44064fc6878e7f92ed83ed69-goods.jpeg,0
163,0.9256003299182041,601099819976169,创意破墙海底世界卧室玄关宿舍家居装饰墙贴贴纸自粘墙贴,3.98,家居厨房用品,家居装饰,https://img.kwcdn.com/product/fancy/48ced8aa-b06d-457a-8c8a-850e5b38a0f5.jpg,0
164,0.9255466803157216,607429286808253,2D Flat桌旗1件，抽象几何六边形对称设计涤纶桌旗，桌饰旗，适用于节日家庭聚会餐桌装饰，派对用品，家用餐桌摆饰，活动宴会桌面配饰,2.08,家居厨房用品,餐厨布艺,https://img.kwcdn.com/product/21f0663a20/234360eb-6e99-42c5-aae4-5ecb64f3fc84_1024x1024.jpeg,0
165,0.9242094054431896,607454653981569,二维平面画作1件 个性化定制照片画 - 客厅适用定制肖像，上传您的图片，现代简约无框帆布印刷品，可上传自家照片用于家居办公室装饰、婚礼礼物、家庭纪念品或情侣肖像,2.54,家居厨房用品,墙面装饰,https://img.kwcdn.com/product/fancy/c0b38f40-6694-4e15-a0ab-44b3d5f491be.jpg,0
166,0.9239158344646692,606679412400748,个性化定制照片爸爸脸磁贴 - 软萌肚型冰箱贴，配有防撞亚克力底座和相框槽，可展示爸爸照片，父亲节礼物装饰、新生儿派对装饰（爸爸照片夹）,2.42,家居厨房用品,厨房用品,https://img.kwcdn.com/product/open/baa40e68ee0440cca7be96eef700780b-goods.jpeg,3
167,0.9234142899097155,607145550555884,20pcs情人节心形餐具架、红色毡心形情人节、餐具袋、口袋、晚餐刀叉、餐桌套、婚礼母亲节派个桌布装饰情人节礼物,3.46,家居厨房用品,餐厅用品,https://img.kwcdn.com/product/fancy/a6fc6952-3065-4805-9528-807d85e2ccc7.jpg,0
168,0.9229844734042224,606632301984577,1 pc 有趣的浣熊从窗户探出头的窗贴，卡通动物可移除玻璃贴纸，适合家居客厅和卧室窗户装饰贴纸,0.83,家居厨房用品,窗饰及配件,https://img.kwcdn.com/product/fancy/0018ed16-43d9-41a3-b00f-68d878890084.jpg,0
169,0.9224401972502921,606727193917638,3只装白色陶瓷花瓶套装，波浪纹理波西米亚风格，干花插花瓶，现代简约农家风桌面中心装饰，客厅卧室置物架家居摆件,19.81,家居厨房用品,家居装饰,https://img.kwcdn.com/product/fancy/b55ed42d-cc82-430b-b18d-ec5810172233.jpg,0
170,0.92157356950372,607421233784835,基督教名言填空卡，20张教会团体活动页，宗教名言猜谜便签卡，信仰聚会互动娱乐卡，适用于社区活动,2.5,家居厨房用品,节日聚会用品,https://img.kwcdn.com/product/fancy/ff24f917-19b0-461c-aa41-4c6ea6414029.jpg,1
171,0.9210090654783736,607087971122294,圣诞节天使挂件 2D平面亚克力圆形窗挂 复古珍珠水钻挂件 圣诞树家居装饰 节日礼物,4.41,家居厨房用品,节日饰品,https://img.kwcdn.com/product/open/b9537e08b07e48f0bddbe7584b86eb5b-goods.jpeg,1
172,0.9171912503316308,605904657286184,1件 蓝白条纹桌旗，家居装饰用印花桌旗，2D印刷工艺，适用于餐桌与餐厅装饰、家庭聚会布置及节日装饰,10.47,家居厨房用品,餐厨布艺,https://img.kwcdn.com/product/aisc_image/algo/opt/77813fc5/d72e4ba3/051ec395c92b43f086136303e0cb860b-goods.jpeg,0
173,0.9161409355017789,606738669513205,复古平面皮埃罗情侣与波点小丑恋人海报 - 复古竖版帆布画，适用于怀旧墙壁艺术、房间画廊海报，温暖做旧纸感插画，法国小丑艺术品，2D平面,4.31,家居厨房用品,墙面装饰,https://img.kwcdn.com/product/fancy/91067578-f55e-4c60-b972-cfbe94d3f30c.jpg,29
174,0.9157096845636762,607121793986236,2pcs褶皱枕套，拼接美观荷叶边.印度风植物印花枕套，45*45cm/18*18inch耐用 美观适合卧室、客厅和沙发装饰（不包括填充物）,12.0,家居厨房用品,床上用品,https://img.kwcdn.com/product/fancy/ecde4a39-54cb-4d59-ba90-66768f1ad7f1.jpg,13
175,0.915006249954732,607429555230187,6码(5.49米)烫金英文丝带 手工花店礼物礼盒礼品包装螺纹带花束材料,2.2,家居厨房用品,节日饰品,https://img.kwcdn.com/product/fancy/1e4cf438-4caa-43f5-85da-988d3ceea8ff.jpg,0
176,0.9147750612439467,605925528153832,一件邪恶之眼印花大容量可折叠购物袋，带有邪恶之眼图案，适用于上学、旅行、购物、收纳——手提袋兼护身符,8.74,家居厨房用品,厨房收纳,https://img.kwcdn.com/product/2123a639a4/d528702f-fd2c-4d78-9e28-84d30360edbe_1000x1000.jpeg,10
177,0.9117736618373701,606668138072833,78只装（2.76*3.54英寸）酒红色欧根纱礼品包装袋，适用于珠宝及婚庆精致小巧礼品，透明抽绳礼品袋,4.34,家居厨房用品,节日聚会用品,https://img.kwcdn.com/product/open/b7b57816a7e348ca8aa520e20ccb0459-goods.jpeg,16
178,0.9114297765315291,606837789295625,黄铜做旧微缩搅拌车混凝土工程车模型假山盆景鱼缸沙盘微景观造景摆件，工程机械小雕像迷你金属收藏品，微缩沙盘盆景配件,1.83,家居厨房用品,节日饰品,https://img.kwcdn.com/product/fancy/0f2b1167-ffa4-4db1-b9c4-1a89fb6bd540.jpg,45
179,0.9106542426629824,606827253231402,2条装厨房巾，柔软吸水超细纤维茶巾，装饰性乔迁/生日礼物，送给妈妈、朋友、邻居，耐用面料茶巾，趣味普拉多厨房装饰，送给爱料理的家人,11.48,家居厨房用品,厨房用品,https://img.kwcdn.com/product/open/b40f24d825ed4f548b6d2c84e4c26f63-goods.jpeg,37
180,0.9093011424013077,607633566180566,1个大容量笔袋铅笔盒马克笔盒——便携式文具收纳包带笔筒，美妆化妆品收纳整理包，耐用文具收纳盒适用于办公和学习用品,2.68,家居厨房用品,家庭收纳,https://img.kwcdn.com/product/open/2024-08-28/1724826792826-053a5a9529364c0bb58d894959b97d77-goods.jpeg,13
181,0.9089887938274693,606247986239133,2D平面，2D平面，1件，复古牛仔骑恐龙木框挂牌，史前探险墙壁挂饰，适用于农舍厨房卧室客厅办公室装饰，8x8英寸，2D平面,10.2,家居厨房用品,家居装饰,https://img.kwcdn.com/product/fancy/44b90763-4b01-4c5e-adef-55392ce74a49.jpg,0
182,0.9080004615940929,607364593905841,日常护颈带可调节颈部支撑颈托 冰凉面料EVA透气升级款 送换洗套 可拆洗款 旅行午睡办公室久坐 低头族颈椎护理必备,3.49,家居厨房用品,床上用品,https://img.kwcdn.com/product/open/91a32e503ff14bf58e8c79758d3155bb-goods.jpeg,0
183,0.9068705151208375,607593300885217,2件套奶酪盘-木质奶酪盘盖和便携式熟食11格卡扣盒子，用于露营，聚会，餐厅 | 节日开胃菜，熟食店和小吃的服务托盘，可适用于砧板，派对小吃组织者,24.04,家居厨房用品,餐厅用品,https://img.kwcdn.com/product/fancy/a082e2e6-8365-4741-b87e-25b63b31e902.jpg,0
184,0.9064356389967723,607540150668297,波西米亚拱形实木壁挂置物架，彩虹波纹悬浮搁板 原木同心圆墙面展示架 家用卧室客厅玄关阳台咖啡馆多肉绿植相框香薰蜡烛手办小摆件收纳装饰架 免打孔简易安装墙面艺术装饰置物隔板,14.87,家居厨房用品,家庭收纳,https://img.kwcdn.com/product/open/1a308c2db1ef43d38d5cf81f2f6e42c1-goods.jpeg,0
185,0.9061910470615079,607162059301498,不锈钢晾衣绳，含不锈钢锁扣，带涂层安全缆和挂钩的防掉落钢丝绳，多功能重型钢丝绳，有3种尺寸可选1.95米4.95米/9.95米，拉线钢丝绳，适用于多种表面悬挂，宠物牵引绳，防滑，防锈耐候，配有挂钩配件，室内外洗衣用晾衣绳,4.42,家居厨房用品,衣橱收纳,https://img.kwcdn.com/product/open/14242acf98314ed9b67b7e62bb9231cb-goods.jpeg,0
186,0.9058422119274888,606306907820751,2D平面画作，2D平面画作，1件安大略省立公园海报 | 2D平面，无框帆布艺术，复古旅行海报，非常适合家庭、办公室和酒店装饰，安大略省加拿大创意礼物,4.78,家居厨房用品,墙面装饰,https://img.kwcdn.com/product/fancy/6db5677f-69f2-4ca2-838d-7787ada62803.jpg,32
187,0.904019338000185,606633375714705,20只粉色扇形波浪边一次性餐巾，格纹方块印花公鸡尾饮料餐巾，一次性宾客餐巾，适用于生日婚礼派对伴手礼,5.34,家居厨房用品,节日聚会用品,https://img.kwcdn.com/product/fancy/bf95d9fb-a096-47d7-a683-584568ad4aef.jpg,4
188,0.9037620355972672,606682298046967,可爱放松型水疗小狗雕像，卡通泰迪狗进行面部护理树脂装饰品，适合家居浴室、客厅及桌面装饰品礼品,3.94,家居厨房用品,节日饰品,https://img.kwcdn.com/product/fancy/65ef03e1-0392-49be-9908-0cd09316caf0.jpg,5
189,0.9005621317396516,606698337093448,1卷 1英寸 x 9码 酒红色雪纺丝带 - 派对花环 - 流苏，深红色，毛边，细款，适用于工艺品、礼品包装、婚礼请柬、圣诞节、万圣节,6.35,家居厨房用品,节日聚会用品,https://img.kwcdn.com/product/algo_check/auto/a01e56f0342f86c72b3d68591de42449_1786527663652.jpg,0
190,0.9003387376439652,607051866562177,2D平面木制印刷4件，麻将线查找器和规则阅读器 - 初学者友好的麻将规则辅助卡识别器，带有彩色编码的线条，详细的卡片描述 - 麻将玩家、教育游戏工具，详细卡片指南,3.71,家居厨房用品,节日饰品,https://img.kwcdn.com/product/open/53aefe716d29441a94f2d2cdffe004db-goods.jpeg,0
191,0.8993093892064598,606864632809412,直升机飞机组装模型、1:72 比例大型，收藏模型 | 抗摔塑料材质 | 成人收藏/桌面装饰/办公桌装饰物品，适合收藏家和节日礼物/适合桌面摆件/适合航空爱好者 无需接电使用,5.62,家居厨房用品,家居装饰,https://img.kwcdn.com/product/fancy/a05853a5-df36-4819-88fb-07dbc5828c7b.jpg,27
192,0.8992807210159953,607111056604663,1件个性化照片定制印刷帆布海报挂画，2D平面印刷带框/无框定制帆布画，上传自定义照片，客厅卧室办公室墙面艺术装饰画，家庭亲情纪念礼品，生日、圣诞装饰和礼物,2.71,家居厨房用品,墙面装饰,https://img.kwcdn.com/product/fancy/0a07e19c-a82d-48dd-a1e7-0b0c1ad3c7ac.jpg,0
193,0.8978729657450725,606766519687040,360度旋转手提包挂钩 - 重型铝合金衣柜整理架，带6个挂钩，独立式省空间置物架，适用于手提包、领带和围巾，无需工具即可组装,4.66,家居厨房用品,衣橱收纳,https://img.kwcdn.com/product/open/8f967e9c05144b5eb21b456f5485188d-goods.jpeg,2
194,0.897842564826614,606792692120561,"100个 大容量透明裱花袋、加厚 PE 烘焙糖霜袋 - 防滑设计和多尺寸可选 -适用适用于 DIY 蛋糕、纸杯蛋糕、曲奇烘焙装饰 - icing piping bags,cake decorating bags,pastry frosting bags",3.26,家居厨房用品,烘焙用品,https://img.kwcdn.com/product/fancy/18193c41-14c0-4a95-b6b5-9a6ebb9c567d.jpg,18
195,0.8976054534130021,607526728904899,带盖5件套收纳箱，可折叠塑料盒，用于整理桌面，便携式折叠篮，带手提带，节省空间的箱子，适用于卧室、办公室、厨房和家庭，置物篮,16.65,家居厨房用品,家庭收纳,https://img.kwcdn.com/product/open/70d4d3c4349b43bab8a9a9ce7a59ad7d-goods.jpeg,0
196,0.897183651258682,607458881852756,"1pc Modern Sofa Cover Suitable for All Sofa Types (Single/Double/Triple/Quad Sofa) with Pet-Proof, Scratch & Non-Slip Furniture Protector, Machine Washable -Piece Cover Fits Any Sofa for Living Room, Bedroom",32.22,家居厨房用品,沙发装饰,https://img.kwcdn.com/product/open/c76e4d0bf7ff49908ca7ee1ea6e50d50-goods.jpeg,8
197,0.894480922256853,607521225983068,1PC秋冬加厚保暖仿兔毛床笠（不含枕套）加绒加厚床垫保护套 360°全包裹防滑床单 柔软亲肤吸湿透气 可机洗 适配各类床垫尺寸 多种颜色和尺寸可选，适用于家庭、宿舍及酒店使用 感恩节圣诞节礼物,30.68,家居厨房用品,床上用品,https://img.kwcdn.com/product/fancy/e4c0fa4b-15ae-40f5-9603-1101348d9b49.jpg,0
198,0.8934441666651087,606910401102104,自动洗手液分配器，非接触式智能感应，USB可充电，420毫升/14.2盎司，大容量，壁挂或台面两用起泡洗手液机，可调节档位，适用于浴室、厨房、办公室,15.77,家居厨房用品,浴室用品,https://img.kwcdn.com/product/fancy/cd79fab8-4c6f-418d-9e80-558dc278f1ff.jpg,0
199,0.8927490478587976,607060724927544,1卷，Streamers鼠尾草绿薄纱网纱面料，聚酯材质欧根纱，适用于婚礼装饰、生日派对、圣诞节、万圣节、情人节、舞台背景——预裁剪透明垂坠工艺缎带，用于DIY手工、桌饰、椅背蝴蝶结、门帘——可手洗婚庆缎带搭配薄纱缎带，飘带,36.22,家居厨房用品,节日聚会用品,https://img.kwcdn.com/product/open/84d3d33c3bc74e159d8510ebc9186439-goods.jpeg,0
200,0.8921668702971123,606769204067203,2D 平面打印，无 3D 效果充满活力的海豚海龟沿海金属墙壁装饰，2D 平面海洋生物铁壁挂装饰品，航海海滩墙壁艺术，送给海洋和海滩风格家居爱好者的独特乔迁生日礼物,8.64,家居厨房用品,节日饰品,https://img.kwcdn.com/product/open/63b574151aad456eb11742f3c124d2d4-goods.jpeg,1
