排名,预测分,商品ID,标题,美元价格,一级类目,二级类目,主图URL,商品链接,来源文件,banned,banned_hits,img_missing,总销量
1,1.2927576548821738,605513496547449,单个保温午餐盒，采用粉彩紫和粉色龙设计，非常适合用餐和野餐。这款包非常适合户外用餐体验和在海滩享受用餐（非食品接触）,3.59,家居厨房用品,厨房收纳,https://img.kwcdn.com/product/open/0f84b1cb8ee04a37a8b814621a5a41cb-goods.jpeg,https://www.temu.com/search_result.html?search_key=605513496547449&search_method=user,917.csv,False,,True,2
2,1.2522557447178675,601101644699892,"Thickened Black Trash Bags, Portable Household Large Kitchen Waste Cleaning Plastic Bags",7.09,家居厨房用品,清洁用品,https://img.kwcdn.com/product/fancy/2c16d6fd-b0d1-4e4d-a3ec-54f0c9d3659d.jpg,https://www.temu.com/search_result.html?search_key=601101644699892&search_method=user,917.csv,False,,True,6
3,1.2374717852583492,607628331707030,1个创意便携式布艺衣架，出差可折叠晾衣夹，浴室折叠衣架，晾衣夹，紧凑型可折叠衣架，高效晾晒袜子，晾衣夹，晾衣夹子,1.76,家居厨房用品,衣橱收纳,https://img.kwcdn.com/product/fancy/6caf8573-f809-434d-b8fb-42c13cbf3772.jpg,https://www.temu.com/search_result.html?search_key=607628331707030&search_method=user,917.csv,False,,False,0
4,1.2333873953951815,606650152939881,7pcs，随机颜色，卧室多功能连接挂钩衣架，叠加衣架带通用挂钩节省空间多层衣架,1.79,家居厨房用品,衣橱收纳,https://img.kwcdn.com/product/fancy/187d1d15-c332-4eb7-97a1-aa3415ceee55.jpg,https://www.temu.com/search_result.html?search_key=606650152939881&search_method=user,917.csv,False,,False,0
5,1.2253375001170117,605517506285410,500ml双层不锈钢保温杯 17oz复古水彩紫木槿与粉玫瑰花卉印花运动水壶 女士户外便携车载随行杯 密封防漏真空保冷温水杯 创意可乐瓶形状咖啡杯 适合日常通勤瑜伽健身登山车载旅行 母亲节精美礼品杯,14.98,家居厨房用品,厨房收纳,https://img.kwcdn.com/product/open/3b47a49125a14ebcab77d311e8ea4c7b-goods.jpeg,https://www.temu.com/search_result.html?search_key=605517506285410&search_method=user,917.csv,False,,True,10
6,1.2228489436268566,605732791506713,紫蝶花500毫升-DBWBC/16.9盎司 冷热两用真空保温杯 不锈钢双层隔热旅行杯 真空防漏杯/冷饮杯 适用于办公室、运动、开学季礼品,12.82,家居厨房用品,厨房收纳,https://img.kwcdn.com/product/open/acb3b6a7099340768946b66a23f25797-goods.jpeg,https://www.temu.com/search_result.html?search_key=605732791506713&search_method=user,917.csv,False,,True,0
7,1.191145892917491,601105130240322,1个17盎司（500毫升）可定制个性化杯，可用您的姓名定制。它采用双层真空设计，不锈钢隔热，并配有吸管和盖子。这款二合一咖啡杯具有闪亮的玫瑰金色边缘。,12.03,家居厨房用品,厨房收纳,https://img.kwcdn.com/product/fancy/835d25c0-b456-415e-9872-9d2de6d92a08.jpg,https://www.temu.com/search_result.html?search_key=601105130240322&search_method=user,917.csv,False,,True,9
8,1.1901172783631808,605507641299839,创意啤 饮品 泡沫与水滴纹理印花304不锈钢保温杯 500ml双层真空运动水壶 17oz户外便携车载水杯 随行咖啡直饮杯 密封防漏大容量冷热两用杯 简约时尚男女通用上班族旅行健身保冷杯 礼品杯,10.37,家居厨房用品,厨房收纳,https://img.kwcdn.com/product/open/25146ee9de1b49ab8eb0590f3439202e-goods.jpeg,https://www.temu.com/search_result.html?search_key=605507641299839&search_method=user,917.csv,False,,True,3
9,1.1853738521724777,601102643935057,"JIT, 脏衣篓,粉色、蓝色渐变线条与黑白星星相结合图案,聚酯纤维,带把手储物篮,圆形脏衣篮,便携式可折叠,多用途收纳筐,家居装饰/收纳用品,洗衣篮,卧室洗衣房宿舍收纳篮,玩具收纳篮,大容量储物篮",9.74,家居厨房用品,衣橱收纳,https://img.kwcdn.com/product/fancy/49424a33-f3b8-4252-9d9f-b3ff49c01186.jpg,https://www.temu.com/search_result.html?search_key=601102643935057&search_method=user,917.csv,False,,True,0
10,1.1732220611161563,605552939790868,1个装 11盎司陶瓷杯，采用感温变色工艺，饰有原住民点彩艺术风格的日落自然景观主题图案，适用于家庭办公桌面、晨间咖啡时光、生日惊喜庆祝、圣诞派对赠礼及日常饮茶放松,13.16,家居厨房用品,厨房收纳,https://img.kwcdn.com/product/2123a62c90/763d73b6-bbb3-426b-8b80-2df24519b49a_1000x1000.jpeg,https://www.temu.com/search_result.html?search_key=605552939790868&search_method=user,917.csv,False,,True,2
11,1.1627572640444803,606608277000472,10米/393.7英寸尼龙绳搭配挂钩，用于固定和拖拽物品，露营配件，室内外晾衣绳，绳索颜色随机，晾衣绳,3.93,家居厨房用品,衣橱收纳,https://img.kwcdn.com/product/open/a02fa607e6dd4d308f4ef85437b1afb9-goods.jpeg,https://www.temu.com/search_result.html?search_key=606608277000472&search_method=user,917.csv,False,,False,0
12,1.1507416042410243,605552285469188,"1 Reusable Banana Storage Bag, Food-Grade Nylon Drawstring Bag, Keeps Fruits And Vegetables Fresh for Longer, Refrigerator Vegetable And Fruit Anti-Ripening Storage Bag",1.42,家居厨房用品,厨房收纳,https://img.kwcdn.com/product/fancy/098280df-6f06-4c73-b675-c9fc87335af3.jpg,https://www.temu.com/search_result.html?search_key=605552285469188&search_method=user,917.csv,False,,True,15
14,1.1369064108455815,607116156864314,金属衣架夹 9个装 多用途重型衣架挂钩 防滑夹挂钩 适用于裤子裙子袜子 衣柜节省空间整理器,3.11,家居厨房用品,衣橱收纳,https://img.kwcdn.com/product/fancy/1e41a0f9-3592-4954-a8ef-d7e87933babf.jpg,https://www.temu.com/search_result.html?search_key=607116156864314&search_method=user,917.csv,False,,False,0
16,1.1354024376834675,605756749361262,创意黑白足球印花不锈钢保温杯 17oz个层真空保冷保热运动水壶 500ml便携车载流线型咖啡杯 户外健身骑行登山旅行随手杯 304不锈钢内胆防漏男女士便携式时尚茶杯 办公室居家车载多功能水杯,13.1,家居厨房用品,厨房收纳,https://img.kwcdn.com/product/open/8004f301e402429493c3b53ed86c1458-goods.jpeg,https://www.temu.com/search_result.html?search_key=605756749361262&search_method=user,917.csv,False,,True,9
17,1.1203591258155094,606754305872481,3D打印岩石纹理首饰托盘 - 黑色不规则石纹饰品盘配石板，适用于戒指、耳环、项链收纳，现代多功能梳妆台、梳妆柜杂物盘 - 塑料材质，专为小件饰品设计,3.47,家居厨房用品,家庭收纳,https://img.kwcdn.com/product/open/65bc214e7ad948a995d178b1ec1f09ea-goods.jpeg,https://www.temu.com/search_result.html?search_key=606754305872481&search_method=user,917.csv,False,,False,0
18,1.120328094818994,606814435442493,6件1套（送5个配件）壁挂式帽架收纳器-耐用的塑料，兼容10顶帽子，带强力粘胶背，棒球帽储物架、墙壁帽架、便携且节省空间，个悬挂方式，适用于棒球帽、壁橱、卧室、运动室-非常适合家庭、办公室。,4.38,家居厨房用品,衣橱收纳,https://img.kwcdn.com/product/fancy/5612ec73-d18a-44f6-8a0f-7e57c61c6126.jpg,https://www.temu.com/search_result.html?search_key=606814435442493&search_method=user,917.csv,False,,False,19
19,1.1192106688495915,601100284357499,"Three Pairs of Household Cleaning Gloves Designed for Kitchen Use, Ideal for Cleaning Both The Kitchen And Bathroom While Keeping Your Hands Dry.",9.03,家居厨房用品,清洁用品,https://img.kwcdn.com/product/open/2024-08-08/1723098486624-8875ead822124cfc82945dd9371ea737-goods.jpeg,https://www.temu.com/search_result.html?search_key=601100284357499&search_method=user,917.csv,False,,True,0
20,1.11065578449113,607541492850632,三层悬挂篮，重型钢丝悬挂篮，阳台悬挂篮，储物篮，置物篮,48.69,家居厨房用品,家庭收纳,https://img.kwcdn.com/product/fancy/2da572b1-f674-4889-be32-27e1230accbe.jpg,https://www.temu.com/search_result.html?search_key=607541492850632&search_method=user,917.csv,False,,False,1
21,1.1085092277773243,606718335490507,极简主义白色方形敞口垃圾桶、大容量塑料垃圾篮、适用于卧室、浴室、厨房、办公室和大学宿舍的多功能垃圾桶,7.32,家居厨房用品,家庭收纳,https://img.kwcdn.com/product/open/8ac7168453be414197f55435429effd9-goods.jpeg,https://www.temu.com/search_result.html?search_key=606718335490507&search_method=user,917.csv,False,,False,15
23,1.097962524699134,607006635173608,复古风格的绿色金属储物箱，配有铜扣和铆钉装饰，工业设计，适合家庭整理、学习储物，怀旧主题装饰，适合复古家居场景或秋季氛围布置，床下储物,7.23,家居厨房用品,衣橱收纳,https://img.kwcdn.com/product/open/e59eeccb65ac411894a744ffea241b11-goods.jpeg,https://www.temu.com/search_result.html?search_key=607006635173608&search_method=user,917.csv,False,,False,1
24,1.096476535652282,601103392338303,"1pc 34oz Vacuum Insulated Kettle & Flask - Yin Yang Tree Design, 316 Stainless with Hot/ Retention for Camping,, Gym, Parties - Multi-Use Coffee Maker & Tea Pot Gift for Outdoor Adventures,",23.03,家居厨房用品,厨房收纳,https://img.kwcdn.com/product/20150c2239a/36a9c775-2082-4547-b99c-cdddfbd10e4d_800x800.jpeg,https://www.temu.com/search_result.html?search_key=601103392338303&search_method=user,917.csv,False,,True,5
25,1.0941850550941732,601104142554707,一款17.5盎司不锈钢水瓶，设计防漏，采用花卉水彩设计，非常适合作为礼物,11.79,家居厨房用品,厨房收纳,https://img.kwcdn.com/product/2066d912e4/95c9bcde-a509-40d6-8783-d0812d13643f_1000x1000.jpeg,https://www.temu.com/search_result.html?search_key=601104142554707&search_method=user,917.csv,False,,True,15
27,1.0855062320295314,601101373472883,"定制棒球手提袋 - 个性化的 ""JASON"" 名字，配有棒球和球棒设计，耐用的黄麻购物袋，适合棒球迷、团队礼物和运动主题装饰，棒球房间装饰",12.46,家居厨房用品,厨房收纳,https://img.kwcdn.com/product/open/9d7ca24ff7a94b4f881a11d721e5cb8f-goods.jpeg,https://www.temu.com/search_result.html?search_key=601101373472883&search_method=user,917.csv,False,,True,6
28,1.0852725420850853,605799363505485,1个 - 带即取式提手的可折叠圆形洗衣篮 - 现代无布艺脏衣篓，适用于卧室、宿舍、房间、储物 - 节省空间的衣物收纳筐，可放置内衣、毛巾等小件衣物,9.77,家居厨房用品,衣橱收纳,https://img.kwcdn.com/product/2123a604d8/5ec8c894-a369-4360-b3f1-0c717575ac4e_1000x1000.jpeg,https://www.temu.com/search_result.html?search_key=605799363505485&search_method=user,917.csv,False,,True,0
29,1.079610062654507,601105418452487,"A 20-Ounce Portable Insulated Cup, Stainless Steel Coffee Mug, Hot Water Cup, And Cold Cup Featuring a Seaside View And a Sun- Landscape Design, Suitable for Travel, Corporate Gifts, Employee Rewards, Gifts for Teachers, Colleagues, Study, Outings",16.98,家居厨房用品,厨房收纳,https://img.kwcdn.com/product/fancy/5db29b60-d43b-4c4b-b1f8-c2442b459cf6.jpg,https://www.temu.com/search_result.html?search_key=601105418452487&search_method=user,917.csv,False,,True,0
30,1.0757788785991855,606905636370074,1件 魔法森林绿龙洗衣篮，带把手 可折叠，适用于洗衣房、浴室、宿舍、衣帽间、卧室、衣柜家居整理收纳衣物和杂物，家居装饰与日常洗衣整理功能收纳篮,7.53,家居厨房用品,衣橱收纳,https://img.kwcdn.com/product/fancy/ec1455fb-adb3-49aa-9789-1aac36b6ffd2.jpg,https://www.temu.com/search_result.html?search_key=606905636370074&search_method=user,917.csv,False,,False,1
31,1.0755873973678585,601104508376622,"1pc Red Truck Christmas Tumbler with Straw & Lid - 20oz/600ml Insulated Stainless Steel Cup, Vintage Winter Snow Scene (Candy Canes/Holly/Truck) - Double-Wall Insulated Bottle Mug for Coffee, Hot/Cold Drinks, Durable Travel Cup for Car, Gym, Office",17.83,家居厨房用品,厨房收纳,https://img.kwcdn.com/product/2066d91624/b232603b-f9a8-416e-8328-eba6d50a810d_1200x1200.jpeg,https://www.temu.com/search_result.html?search_key=601104508376622&search_method=user,917.csv,False,,True,6
33,1.065703917520237,607289297702130,1个男士礼品手表盒，单个仿皮展示盒带透明盖，用于旅行收纳和珠宝首饰收纳手表盒，珠宝盒,3.63,家居厨房用品,家庭收纳,https://img.kwcdn.com/product/open/7da6e07c05d247c8983a2b40c2650810-goods.jpeg,https://www.temu.com/search_result.html?search_key=607289297702130&search_method=user,917.csv,False,,False,0
34,1.059009531423151,607105151041479,80只装透明塑料酱料杯带翻盖盖子 - 防漏防水，适用于餐饮、烧烤、户外 | 可重复使用、耐污、耐用的容器 | 带盖且稳固，适用于调味品、沙拉酱、调料,6.08,家居厨房用品,厨房收纳,https://img.kwcdn.com/product/open/0a786b3fad3d4cdcb103570ba683edb9-goods.jpeg,https://www.temu.com/search_result.html?search_key=607105151041479&search_method=user,917.csv,False,,False,2
35,1.0567066640015623,601104785140290,"3pcs Stainless Steel Shower Robe And Towel Hook Set - Over-The-Door Bathroom Organizer with Hooks, No-Tool Installation, Modern Minimalist Design, Space-Saving And Rust-Resistant",7.23,家居厨房用品,家庭收纳,https://img.kwcdn.com/product/open/202569261ab248429e5c31ada4bded4d-goods.jpeg,https://www.temu.com/search_result.html?search_key=601104785140290&search_method=user,917.csv,False,,True,0
36,1.0515714474635327,606505013210646,大型气球套装 4个装，气球运输袋，透明巨型收纳袋，大尺寸 59X98 英寸 x 2个，小尺寸 47X59 英寸 x 2个，可用于存放圣诞树、沙发和行李箱，树木收纳,22.3,家居厨房用品,家庭收纳,https://img.kwcdn.com/product/fancy/36f7b8b1-5926-4476-b002-6e966b56ae75.jpg,https://www.temu.com/search_result.html?search_key=606505013210646&search_method=user,917.csv,False,,False,0
37,1.0507840198460447,606159134151209,50个装包装盒面包盒 - 耐用小型意式三明治盒 - 非常适合装意式三明治、水果、沙拉和切片蛋糕，适合装马卡龙、月饼，以及婚礼、复活节和万圣节派个,31.38,家居厨房用品,厨房收纳,https://img.kwcdn.com/product/open/f04de53b1f8a418aa9df28db9a101597-goods.jpeg,https://www.temu.com/search_result.html?search_key=606159134151209&search_method=user,917.csv,False,,False,7
39,1.0444020673036605,605534417688830,"1pc Highland Cow Pattern Black and White Bathroom Hanging Rack, Self Adhesive Wall Mounted Space Saving Storage Hanger, Stainless Steel Wall Hook for Towel, Razor, Robe, Bathroom Washroom Organization, Utility Hooks",10.43,家居厨房用品,家庭收纳,https://img.kwcdn.com/product/open/868f05aa91b245db8f415f7ddfead6f2-goods.jpeg,https://www.temu.com/search_result.html?search_key=605534417688830&search_method=user,917.csv,False,,True,5300
42,1.0359506920155974,606815777582032,立式网纱挂袋收纳，三层设计，可收纳文胸、内裤、短袜，挂在衣柜横杆，节省抽屉空间，网纱透气不易闷潮，拿取方便，让贴身衣物分类摆放整齐,2.7,家居厨房用品,衣橱收纳,https://img.kwcdn.com/product/fancy/39214dec-7b23-4288-a3d5-35ad14b09254.jpg,https://www.temu.com/search_result.html?search_key=606815777582032&search_method=user,917.csv,False,,False,0
43,1.0317446571944615,607328757761858,花朵造型粘墙挂钩一对装，立体针织花朵墙面装饰挂钩，简约软装墙面挂件，适用于卧室客厅，可悬挂包包配饰，免打孔粘贴式壁挂装饰配件,4.79,家居厨房用品,家庭收纳,https://img.kwcdn.com/product/fancy/58a2e918-dda7-42e5-8a37-569e2391d976.jpg,https://www.temu.com/search_result.html?search_key=607328757761858&search_method=user,917.csv,False,,False,4
44,1.0263838531059712,601103264097593,"JIT, 脏衣篓,黑色蝴蝶结重复图案,带把手储物篮,聚酯纤维,圆形脏衣篮,多用途收纳筐,便携式可折叠,卧室洗衣房宿舍收纳篮,玩具收纳篮,家居装饰/收纳用品,洗衣篮,大容量储物篮",16.9,家居厨房用品,衣橱收纳,https://img.kwcdn.com/product/fancy/a6194f33-2908-49cb-b32b-4abfe283fb90.jpg,https://www.temu.com/search_result.html?search_key=601103264097593&search_method=user,917.csv,False,,True,2
47,1.0195677324208885,607383250149406,2/4pc免打孔粘贴式塑料挂钩 玄关挂钥匙浴室挂浴球厨房挂小厨具 适用于厨房浴室淋浴空间可挂毛巾衣帽诞节花环挂钩,1.37,家居厨房用品,家庭收纳,https://img.kwcdn.com/product/open/379ca38a634f4919ae3265c3f6fad208-goods.jpeg,https://www.temu.com/search_result.html?search_key=607383250149406&search_method=user,917.csv,False,,False,0
49,1.013715717988657,606656326912060,花卉藤编篮，手工编织多尺寸三件套收纳篮套装，适用于家居整理、储物与装饰——米色，置物架篮,12.9,家居厨房用品,家庭收纳,https://img.kwcdn.com/product/fancy/766cac72-5177-47c1-a49c-2211080beb51.jpg,https://www.temu.com/search_result.html?search_key=606656326912060&search_method=user,917.csv,False,,False,0
51,1.0081130874466306,606708806076537,洗衣液杯架两件套，专为防溢洒和整洁设计，可确保您的洗衣机和洗衣区域保持整洁有序，兼容大多数瓶子尺寸。,5.41,家居厨房用品,衣橱收纳,https://img.kwcdn.com/product/open/e7e90e2bb11b400d815a2e3f19f33e8c-goods.jpeg,https://www.temu.com/search_result.html?search_key=606708806076537&search_method=user,917.csv,False,,False,0
54,1.0049892073757327,607062738211052,壁挂式碳钢多功能收纳架，纸巾卷架与香薰展示架，适用于厨房浴室的家居配件,11.11,家居厨房用品,厨房收纳,https://img.kwcdn.com/product/open/51895c59035f4f52bb4d3ff3d2b85f7b-goods.jpeg,https://www.temu.com/search_result.html?search_key=607062738211052&search_method=user,917.csv,False,,False,0
55,1.0035189742012047,601102523011118,星纹涤纶洗衣篮带手柄，大容量收纳筐，圆形脏衣桶适用于卧室、宿舍及玩具整理，便携可折叠多功能实用篮——家居装饰与收纳配件,11.96,家居厨房用品,衣橱收纳,https://img.kwcdn.com/product/fancy/b3c37042-a4c5-44a9-aebb-175273f083f8.jpg,https://www.temu.com/search_result.html?search_key=601102523011118&search_method=user,917.csv,False,,True,1
56,1.0013520467767094,605519385323157,"1pc Floral Swirls And Leaves Design Toilet Paper Holder, Toilet Paper Storage Suitable for Entryway Tables And Coffee Tables, Acts As Storage And Napkin Dispensers Gift Box, Housewarming Welcome Gift for New Homeowners",6.15,家居厨房用品,厨房收纳,https://img.kwcdn.com/product/2123a66c04/893cba94-5f43-46d0-998e-9b8d16814d62_1000x1000.jpeg,https://www.temu.com/search_result.html?search_key=605519385323157&search_method=user,917.csv,False,,True,0
60,0.9984836468882314,601100164182629,"1pc No-Drill Wall-Mounted Bathroom Storage Shelf - Wooden Cosmetic Organizer with Multiple Compartments for Toiletries, Space-Saving Design for Small Apartments, Dorm Rooms & Compact Bathrooms, Bathroom Organizers And Storage, Utility Racks",14.44,家居厨房用品,家庭收纳,https://img.kwcdn.com/product/open/41c67985536f440bae333aa530cb6350-goods.jpeg,https://www.temu.com/search_result.html?search_key=601100164182629&search_method=user,917.csv,False,,True,0
61,0.9955719402806408,607619741765152,简约不锈钢沥水台面收纳架，卫浴桌面沥水置物筐，稳固高脚镂空防积水，适用于卫生间洗手台、洗漱台摆放洗护瓶罐,4.59,家居厨房用品,家庭收纳,https://img.kwcdn.com/product/fancy/479ea7a7-feca-4a59-b43b-10c01d306353.jpg,https://www.temu.com/search_result.html?search_key=607619741765152&search_method=user,917.csv,False,,False,1
62,0.9937985688448256,605536565204608,"8pcs Heavy-Duty Vacuum Storage Bag, No Pump Required, Space-Saving, with Press Seal, Suitable for Clothing, Blankets, Travel, Moving, And Storage",23.34,家居厨房用品,衣橱收纳,https://img.kwcdn.com/product/open/3325256f0b0a4dada9c1345d2fca87d7-goods.jpeg,https://www.temu.com/search_result.html?search_key=605536565204608&search_method=user,917.csv,False,,True,0
63,0.993147600876382,606639415521053,黑色的浴室角落置物架，3pcs（1个置物架+2个粘钩）无需打孔，简单安装，整洁整理浴室用品，节省空间设计，耐用结构，适合多个环境使用,2.66,家居厨房用品,家庭收纳,https://img.kwcdn.com/product/open/d24866518ee24851b227cd0f53aaa0d7-goods.jpeg,https://www.temu.com/search_result.html?search_key=606639415521053&search_method=user,917.csv,False,,False,0
66,0.9915721833367988,605723194968605,Nurse Theme Reusable Thermal Bag Insulated Bag Lunch Bag Insulated Cooler Bag Lunch Box Bag Picnic Cooler Bag Ice Bag Hot Bag Thermal Lunch Bag with Strap for Extended Leisure Outings Non-Food Contact Gift for Him/Her Birthday Gift,9.55,家居厨房用品,厨房收纳,https://img.kwcdn.com/product/open/2e64eee86ca34b99b4c006b0f8c2eff7-goods.jpeg,https://www.temu.com/search_result.html?search_key=605723194968605&search_method=user,917.csv,False,,True,7
67,0.991514953056168,605549248776354,1个装，粉色花瓶洗衣篮大容量，可折叠洗衣篮带坚固手柄，适用于卧室、浴室等，洗衣篮,13.19,家居厨房用品,衣橱收纳,https://img.kwcdn.com/product/21137b24c6c/5523c81a-d164-4ed1-a5e0-e4edb7e3e912_1000x1000.jpeg,https://www.temu.com/search_result.html?search_key=605549248776354&search_method=user,917.csv,False,,True,0
68,0.9897973933266384,606830541528624,壁挂式透明浴室收纳纸巾储物柜，免打孔壁挂安装，不占台面空间。分层储物设计，洗漱用品分类收纳。底部抽纸开口，随手抽取使用方便。适合洗手台旁杂物收纳、洗漱区护肤品摆放、卫生间厕纸存放，租房住居人群、卫浴收纳需求者、卫浴软装布置爱好者首选,9.15,家居厨房用品,家庭收纳,https://img.kwcdn.com/product/open/ab3b576139b549218210486b2c3edd77-goods.jpeg,https://www.temu.com/search_result.html?search_key=606830541528624&search_method=user,917.csv,False,,False,0
69,0.9896082815793812,601103683568071,"JIT, 脏衣篓,星空下的狼头图案,带把手储物篮,聚酯纤维,圆形脏衣篮,多用途收纳筐,洗衣篮,大容量储物篮,便携式可折叠,家居装饰/收纳用品,卧室洗衣房宿舍收纳篮",11.96,家居厨房用品,衣橱收纳,https://img.kwcdn.com/product/fancy/01547174-8b3f-4354-8667-abadf8d02894.jpg,https://www.temu.com/search_result.html?search_key=601103683568071&search_method=user,917.csv,False,,True,2
71,0.983045255926554,605763930035785,1个 11盎司 感热变色陶瓷咖啡杯，圣诞节快乐圣诞老人邮轮冬季村主题设计，非常适合圣诞节假日聚会日常咖啡饮用办公桌装饰居家舒适夜晚节日,11.23,家居厨房用品,厨房收纳,https://img.kwcdn.com/product/2123a66634/aae5e235-39f4-48be-83a1-685a596c6349_1000x1000.jpeg,https://www.temu.com/search_result.html?search_key=605763930035785&search_method=user,917.csv,False,,True,1
73,0.9826413146912162,607605246232138,碗碟沥水架，大容量盘碗收纳架，节省台面空间厨房置物架，可拆卸厨房碗碟收纳沥水架，带沥水托盘、餐具收纳筒,8.52,家居厨房用品,厨房收纳,https://img.kwcdn.com/product/open/ee1cf48e15ef44929e578879e1cd2717-goods.jpeg,https://www.temu.com/search_result.html?search_key=607605246232138&search_method=user,917.csv,False,,False,31
74,0.9823609443112796,601102453631017,"JIT, 脏衣篓,绿色波浪纹路图案,聚酯纤维,带把手储物篮,卧室洗衣房宿舍收纳篮,玩具收纳篮,多用途收纳筐,大容量储物篮,圆形脏衣篮,洗衣篮,便携式可折叠,家居装饰/收纳用品",13.02,家居厨房用品,衣橱收纳,https://img.kwcdn.com/product/fancy/9620a93e-6dc9-42b0-9001-22051d3624c7.jpg,https://www.temu.com/search_result.html?search_key=601102453631017&search_method=user,917.csv,False,,True,1
75,0.9809203457576428,607588871703774,"带盖可折叠鞋盒——防尘收纳盒，适用于鞋子、衣物及配饰，多功能家居整理解决方案，可以收纳12双鞋子的大号收纳盒,，衣柜收纳盒，多功能家居收纳工具",11.52,家居厨房用品,家庭收纳,https://img.kwcdn.com/product/fancy/8cfc3e38-2e44-4e7a-b66b-601579681519.jpg,https://www.temu.com/search_result.html?search_key=607588871703774&search_method=user,917.csv,False,,False,7
76,0.977601243590469,601103682190090,"Bunny Garden Storage Box - Size 27cm×27cm×28cm: Soft Beige Box Decorated with Cute Bunnies Surrounded by Blooming Flowers. A Delightful Addition to Any Room, Offering Both Beauty and Practicality for Storage Needs",10.99,家居厨房用品,家庭收纳,https://img.kwcdn.com/product/fancy/47d0c25f-b519-4e34-a919-0391f94b628c.jpg,https://www.temu.com/search_result.html?search_key=601103682190090&search_method=user,917.csv,False,,True,4
77,0.9767937338979956,601105564504846,"1pc of 40-Inch Transparent Garment Bags Designed for Dance Costumes, Suitable for Storing Hanging Clothes in Closets. This Dance Costume Bag Features Four Zippered Pockets",10.99,家居厨房用品,衣橱收纳,https://img.kwcdn.com/product/fancy/c191dca7-052e-46da-944a-9bea83f5f563.jpg,https://www.temu.com/search_result.html?search_key=601105564504846&search_method=user,917.csv,False,,True,40
78,0.9765157248021624,607365533428099,2件组合套装（1个粉扑美妆用品晾晒网架+赠1个萌龙束口袋）；悬挂式化妆品和刷子晾衣篮；小装饰品及工具，贴身衣物晾晒【Brand：AQUASAFE】,3.21,家居厨房用品,衣橱收纳,https://img.kwcdn.com/product/fancyalgo/toaster-api/toaster-processor-image-cm2in/7cf7e29a-f7f7-11ef-a373-0a580a673132.jpg,https://www.temu.com/search_result.html?search_key=607365533428099&search_method=user,917.csv,False,,False,0
79,0.9756552347719024,607530621235687,可旋转10钩多用衣服收纳挂架挂钩衣架领带丝巾围巾皮带衣帽架塑料挂钩鞋架收纳架【随机颜色】,2.09,家居厨房用品,家庭收纳,https://img.kwcdn.com/product/open/7bdfbb62cd67433e8dec44263a29452a-goods.jpeg,https://www.temu.com/search_result.html?search_key=607530621235687&search_method=user,917.csv,False,,False,0
82,0.9673297638180288,601099656637513,"1pc Insulated Oxford Cloth Lunch Bag, Portable Breakfast Thermal Pouch, Small Size, Hand Washable, Leakproof, for Travel & Picnic",1.94,家居厨房用品,厨房收纳,https://img.kwcdn.com/product/Fancyalgo/VirtualModelMatting/c2e801c2c9e3372bf274dd2e0e5c3f1c.jpg,https://www.temu.com/search_result.html?search_key=601099656637513&search_method=user,917.csv,False,,True,48
88,0.9613061600059424,606820877863562,黑色多层落地置物架，分层空间规划合理，能够充分释放地面区域，高效整理零散物件，方便悬挂各类小工具，拿取便捷省心。适配多元居家角落摆放，结构稳固不晃动,31.53,家居厨房用品,家庭收纳,https://img.kwcdn.com/product/open/c07276f2467144a288138157a09546eb-goods.jpeg,https://www.temu.com/search_result.html?search_key=606820877863562&search_method=user,917.csv,False,,False,1
91,0.9538157526605106,606815777600780,高端多功能台面储物架，厨房调料收纳、床边置物、化妆品展示架，打造陈列式台面，适用于卧室、厨房、卫浴各类家居角落,12.78,家居厨房用品,家庭收纳,https://img.kwcdn.com/product/fancy/5dc7d3cc-122a-4de9-9c92-68cf66e27b98.jpg,https://www.temu.com/search_result.html?search_key=606815777600780&search_method=user,917.csv,False,,False,3
92,0.9534738287766864,605501131734213,复古风格印花带盖收纳盒，大容量设计，多种规格可选，非常适合整理卧室、衣柜和客厅中的衣物和杂物,7.98,家居厨房用品,家庭收纳,https://img.kwcdn.com/product/algo_check/auto/b2e79d5b47617c1ffc7d9154939934fa_1783244861251.jpg,https://www.temu.com/search_result.html?search_key=605501131734213&search_method=user,917.csv,False,,True,0
93,0.9527841639587824,607408214661099,2件套（1个壁挂式喷雾瓶架和1个随机颜色泡膜袋），壁挂式喷雾瓶架，适用于厨房和浴室洗衣液瓶，节省空间且清洁。清洁喷雾瓶厨房橱柜收纳,1.15,家居厨房用品,家庭收纳,https://img.kwcdn.com/product/fancy/3f3bfaef-890e-4106-84a4-e7c63d4111af.jpg,https://www.temu.com/search_result.html?search_key=607408214661099&search_method=user,917.csv,False,,False,0
94,0.9517506760695352,606765580186768,可旋转挂杆落地式衣架，多功能晾衣架，适用于衣物、毛巾和床单，卧室用,37.18,家居厨房用品,衣橱收纳,https://img.kwcdn.com/product/open/e4b589cef2534bdeabb95108cc2a63fe-goods.jpeg,https://www.temu.com/search_result.html?search_key=606765580186768&search_method=user,917.csv,False,,False,0
96,0.9479079894118356,601100501722419,五件装彩色密封条保鲜夹，延长食物保鲜期，用于干果、冷冻食品、厨房薯片密封,3.58,家居厨房用品,厨房收纳,https://img.kwcdn.com/product/fancy/60442b9e-c98a-4f16-aaa6-3ef8bdb30f09.jpg,https://www.temu.com/search_result.html?search_key=601100501722419&search_method=user,917.csv,False,,True,0
97,0.9465219272477112,606611229762012,防尘8格加大加高带盖收纳理线盒集线器整理盒手机充电线电源线扣桌面数据线收纳盒,3.6,家居厨房用品,家庭收纳,https://img.kwcdn.com/product/open/336c3710c2e54e279538f14c0ee6419a-goods.jpeg,https://www.temu.com/search_result.html?search_key=606611229762012&search_method=user,917.csv,False,,False,15
99,0.9454897116609492,601105555291314,1个现代伦敦天际线钥匙挂架，墙面金属墙饰，带6个挂钩的钥匙收纳架，现代伦敦天际线钥匙挂钩，铁艺工艺品，非常适合入口、走廊、客厅装饰，简约设计，功能性装饰，乔迁装饰,5.84,家居厨房用品,家庭收纳,https://img.kwcdn.com/product/fancy/99f158b3-349d-48bc-8e90-05cdb800dfb2.jpg,https://www.temu.com/search_result.html?search_key=601105555291314&search_method=user,917.csv,False,,True,7
101,0.9396972992409466,606825709670840,1 件 玄关四层不锈钢鞋架，组装简易，多面板挑选，充裕空间存放各类鞋履,15.19,家居厨房用品,衣橱收纳,https://img.kwcdn.com/product/21f06642e0/560726f8-4152-4e0a-b08c-fe2ccaa9a31b_800x800.jpeg,https://www.temu.com/search_result.html?search_key=606825709670840&search_method=user,917.csv,False,,False,0
102,0.9364849745997044,601103421781038,用迷人的氛围开启您的新一天：一款非常适合所有《黑客帝国》爱好者的恐怖白色马克杯，采用陶瓷印刷，安全可用洗碗机，非常适合作为圣诞节、万圣节或送给特别人的礼物,16.56,家居厨房用品,厨房收纳,https://img.kwcdn.com/product/open/e823fa54b72e43b9a77d1869cf213177-goods.jpeg,https://www.temu.com/search_result.html?search_key=601103421781038&search_method=user,917.csv,False,,True,3
104,0.9337141058613522,601101582506274,"1pc 30oz Birds Stainless Steel Insulated Water Bottle with Straw and Handle, Portable Travel Mug for Car, Home, Office - Car Drink Holder Accessories, Ideal Holiday Gift",18.98,家居厨房用品,厨房收纳,https://img.kwcdn.com/product/open/1e4cc00a614949c59bb19706f165203d-goods.jpeg,https://www.temu.com/search_result.html?search_key=601101582506274&search_method=user,917.csv,False,,True,0
105,0.93228299255236,607635847887085,一套六个时尚黑色墙壁挂钩，易于粘贴，无需钻孔。它们的安装牢固，适合在厨房和浴室中使用，具有多重用途，可用作实用衣架、多功能挂钩。,0.98,家居厨房用品,家庭收纳,https://img.kwcdn.com/product/open/f5512ecf896042aa9def1d28992cfb17-goods.jpeg,https://www.temu.com/search_result.html?search_key=607635847887085&search_method=user,917.csv,False,,False,0
106,0.925338710825217,607244334788362,经典细白蓝条纹洗衣篮 - 现代敞口脏衣篓，适用于宿舍、公寓、家庭房 - 窄条纹设计适合狭窄空间，节省空间的衣物分类收纳，置物架用篮筐,5.59,家居厨房用品,家庭收纳,https://img.kwcdn.com/product/open/ae03a22bacd0452ca59984286357bf5b-goods.jpeg,https://www.temu.com/search_result.html?search_key=607244334788362&search_method=user,917.csv,False,,False,1
108,0.9240816036089566,605559533200405,1件白色海鸥飞翔于热气球图案洗衣房壁挂收纳袋，3格悬挂式储物袋，适用于晾衣夹、烘干纸，帆布涤纶材质，适用于水槽区域，耐用织物容器，清洁用品收纳袋,7.86,家居厨房用品,衣橱收纳,https://img.kwcdn.com/product/open/d22ceffbd428472c926bc2a9787245e8-goods.jpeg,https://www.temu.com/search_result.html?search_key=605559533200405&search_method=user,917.csv,False,,True,0
109,0.923187273180902,607653027763408,2件套 2/3层悬挂式内衣袜子文胸网眼收纳袋 - 适用于宿舍和家庭壁挂式储物袋，透明口袋设计，用于衣物整理与收纳，家居秋季装饰,3.6,家居厨房用品,衣橱收纳,https://img.kwcdn.com/product/open/2f879a975d2542a1b58d240d451682ac-goods.jpeg,https://www.temu.com/search_result.html?search_key=607653027763408&search_method=user,917.csv,False,,False,0
110,0.9170181022942984,607665375815614,女士珠宝收纳盒 - 复古仿皮项链挂架，带织物衬里，礼品盒，适合母亲节、情人节、圣诞节和生日礼物，珠宝收纳盒，珠宝盒,4.16,家居厨房用品,家庭收纳,https://img.kwcdn.com/product/open/c04ed94a84d94b5b944da18ad32e25f3-goods.jpeg,https://www.temu.com/search_result.html?search_key=607665375815614&search_method=user,917.csv,False,,False,2
111,0.9168244512801208,606650689776566,"2pcs Moving Bag Set, Includes a Moving Bag and a Cleaning Cloth. The Bag Features Dual Top Handles, Side Handles, and a Transparent Note Pocket. Made from Durable Material, It's Ideal for Moving, Storage, Travel, and Garage Organization, Under-Bed",7.81,家居厨房用品,衣橱收纳,https://img.kwcdn.com/product/fancy/76a7278a-08a3-4535-bd63-a5c9e87b4f73.jpg,https://www.temu.com/search_result.html?search_key=606650689776566&search_method=user,917.csv,False,,False,0
112,0.9139735516846018,606785712827118,可重复使用宠物购物袋 2件装 - 耐用可折叠无纺布手提袋，13.8X13.8英寸大容量带挂环 | 易于清洁的杂货袋，适合逛市场 - 实用技巧,6.31,家居厨房用品,厨房收纳,https://img.kwcdn.com/product/open/f4a2d7ca27064295a190481b3b65469d-goods.jpeg,https://www.temu.com/search_result.html?search_key=606785712827118&search_method=user,917.csv,False,,False,6
114,0.9116331877906696,606645052617876,多功能耳环收纳架，迷你挂架设计首饰收纳架，适用于耳环、项链，女士桌面展示架，可爱房间装饰与礼物，悬挂式首饰收纳架,4.87,家居厨房用品,家庭收纳,https://img.kwcdn.com/product/fancy/563fcefe-c925-4daa-8348-8693333dc34b.jpg,https://www.temu.com/search_result.html?search_key=606645052617876&search_method=user,917.csv,False,,False,0
118,0.908527641864074,601102439108433,个性化哥特风陶瓷咖啡杯 - 定制名字与粉色玫瑰骷髅设计，仅限手洗，可重复使用，适合万圣节、生日、圣诞礼物 - 骷髅爱好者及暗黑美学迷的独特礼物，咖啡吧配件,11.7,家居厨房用品,厨房收纳,https://img.kwcdn.com/product/fancy/ec3aadc5-de2a-4939-9445-f98fddc0ad1a.jpg,https://www.temu.com/search_result.html?search_key=601102439108433&search_method=user,917.csv,False,,True,6
119,0.9076110349530526,607634774171904,3件套粉色绿色长方形玻璃餐前准备容器，配有卡扣式盖盖，三种尺寸防漏保鲜盒，具备密封式食品储存功能，适用于旅行、剩菜处理、厨房使用——适用于微波炉、烤箱、冰箱及洗碗机,30.14,家居厨房用品,厨房收纳,https://img.kwcdn.com/product/fancy/ee3ada40-eb0c-4407-9d5e-ed883a4df661.jpg,https://www.temu.com/search_result.html?search_key=607634774171904&search_method=user,917.csv,False,,False,0
120,0.90651524003889,606185440792390,"1个装, 洗衣篮, 白色底座搭配黑色字母和黄色圆点装饰图案, 涤纶纤维, 抓把收纳篮, 洗衣篮, 圆形脏衣篮, 大容量收纳篮, 便携可折叠, 多用途",8.41,家居厨房用品,家庭收纳,https://img.kwcdn.com/product/fancy/09dbbb5a-8c4d-4460-aca7-a74659cdef7f.jpg,https://www.temu.com/search_result.html?search_key=606185440792390&search_method=user,917.csv,False,,False,1
125,0.8889695239539411,601099537027275,适用于烧烤架、厨房炉灶和烤箱的多功能清洁刷 - 无需电源，非常适合家庭和户外使用,1.42,家居厨房用品,清洁用品,https://img.kwcdn.com/product/open/2023-12-06/1701861678448-ffb88578bc34495eb47cdda8f530b51f-goods.jpeg,https://www.temu.com/search_result.html?search_key=601099537027275&search_method=user,917.csv,False,,True,0
126,0.8823820717132163,601104835790369,14 件装淋浴架粘合剂替换件，淋浴架粘合剂无需钻孔，强力粘合剂淋浴架挂钩，淋浴架粘合剂挂钩，肥皂架和厨房架,6.17,家居厨房用品,家庭收纳,https://img.kwcdn.com/product/fancy/240baf1b-14c1-44ea-acb8-caa889fe8466.jpg,https://www.temu.com/search_result.html?search_key=601104835790369&search_method=user,917.csv,False,,True,4
127,0.8819815748702713,601105483074257,现代烧烤区字母钥匙挂架，金属墙面装饰，带5个挂钩的钥匙收纳架，现代烧烤区字母钥匙挂钩，铁艺工艺，适用于玄关、厨房、客厅装饰，简约设计，功能性装饰，暖房礼物，适合所有人的理想礼物,8.2,家居厨房用品,家庭收纳,https://img.kwcdn.com/product/fancy/81531c8e-e6db-4025-adbb-a276751a7bda.jpg,https://www.temu.com/search_result.html?search_key=601105483074257&search_method=user,917.csv,False,,True,4
128,0.880164861999651,601103496351391,1个双面印花印度印花图案托特包 | 白色底粉色/红色/绿色设计，耐用涤纶材质，宽敞海滩购物包，女士休闲时尚礼品（生日、圣诞节、母亲节），必备手提包,7.89,家居厨房用品,厨房收纳,https://img.kwcdn.com/product/open/2d8a6bbefede49db982528e17bba0f39-goods.jpeg,https://www.temu.com/search_result.html?search_key=601103496351391&search_method=user,917.csv,False,,True,6
129,0.8759313147846984,607252119411708,4件装重型聚酯纤维洗衣网袋，带安全拉链闭合 - 适用于精细衣物、内衣、衣服 - 可机洗，多种尺寸适配标准洗衣机，紧凑设计，坚固结构，服饰保护，精致面料清洗袋,3.63,家居厨房用品,衣橱收纳,https://img.kwcdn.com/product/open/2024-08-18/1723964516003-2722736e53bb496e81b2e95782238c88-goods.jpeg,https://www.temu.com/search_result.html?search_key=607252119411708&search_method=user,917.csv,False,,False,16
133,0.8714441160157075,601105240214999,波西米亚格纹带提手脏衣篮，随机花藤印花脏衣篓，秋冬家居装饰必备，多功能收纳整理筐，适用于旅行、宿舍、浴室、家居及多种场合,8.66,家居厨房用品,衣橱收纳,https://img.kwcdn.com/product/fancy/baee8095-6658-4ae8-b155-06cc7629fb4e.jpg,https://www.temu.com/search_result.html?search_key=601105240214999&search_method=user,917.csv,False,,True,8
136,0.868461739690526,607481229054630,6件套超细纤维平板拖把套装，高密度超细纤维布，瞬间吸收水渍、油污、灰尘和毛发，无留水痕，干湿两用，总长度142.01厘米（含延长手柄）,8.29,家居厨房用品,清洁用品,https://img.kwcdn.com/product/fancy/4ef29827-c83f-4115-acc0-e8b4e0fcb8cc.jpg,https://www.temu.com/search_result.html?search_key=607481229054630&search_method=user,917.csv,False,,False,0
138,0.8658255471507311,601105397110990,1个经典爱心十字架钥匙架，墙壁装饰，金属墙面艺术品，钥匙收纳架带7个挂钩，经典爱心十字架钥匙挂钩，铁艺工艺品，非常适合玄关、走廊、卧室装饰，结构坚固，功能性装饰，圣诞节装饰,10.84,家居厨房用品,家庭收纳,https://img.kwcdn.com/product/fancy/bab94b42-724f-4f8b-8966-7679a545af6c.jpg,https://www.temu.com/search_result.html?search_key=601105397110990&search_method=user,917.csv,False,,True,3
139,0.8582391913616825,607408483055665,5个迷你椭圆形可重复使用的粘贴墙壁粘胶重型实用挂钩，美学房间装饰，家居装饰，厨房配件，浴室装饰，卧室装饰,1.5,家居厨房用品,家庭收纳,https://img.kwcdn.com/product/fancy/40b6f83a-16aa-4822-82f8-eb7800cff89d.jpg,https://www.temu.com/search_result.html?search_key=607408483055665&search_method=user,917.csv,False,,False,2
140,0.8562027921041068,605717692020160,1个夏季波普艺术热带冰淇淋图案壁挂式置物架，适用于衣柜或厨房，悬挂式收纳整理袋，室内多功能后门杂物收纳袋,4.56,家居厨房用品,衣橱收纳,https://img.kwcdn.com/product/fancy/e5b07f6f-d484-4f90-9e91-370e1a546f66.jpg,https://www.temu.com/search_result.html?search_key=605717692020160&search_method=user,917.csv,False,,True,0
141,0.8559909091241508,601105399272013,1个装新奇哥特字体墙壁钥匙架，金属墙壁艺术品，带7个挂钩的钥匙收纳架，新奇哥特字体钥匙挂钩，铁艺工艺品，非常适合入口、走廊、卧室装饰，简约设计，功能性装饰，万圣节装饰,10.53,家居厨房用品,家庭收纳,https://img.kwcdn.com/product/fancy/cc0fbe3f-10a9-4d71-b826-71ae55ddecf8.jpg,https://www.temu.com/search_result.html?search_key=601105399272013&search_method=user,917.csv,False,,True,9
142,0.8551806861073332,601102685931370,大号圆形花卉图案洗衣篮（粉色与棕色）- 便携可折叠收纳筐，带坚固手柄，耐用聚酯纤维面料，适用于衣物、卧室、宿舍、游戏室 - 装饰多功能储物箱,7.55,家居厨房用品,衣橱收纳,https://img.kwcdn.com/product/fancy/bc0ce907-3caa-481a-adb6-7a7a718ec29e.jpg,https://www.temu.com/search_result.html?search_key=601102685931370&search_method=user,917.csv,False,,True,1
143,0.8540354923749367,601100788556059,3件套外卖保温袋，蛋糕手提无纺布袋，带背胶铝箔袋（适用于奶茶烧烤包装），多功能铝箔袋,3.71,家居厨房用品,厨房收纳,https://img.kwcdn.com/product/fancy/33c739ba-c51e-4aaa-90e8-e99a08e31582.jpg,https://www.temu.com/search_result.html?search_key=601100788556059&search_method=user,917.csv,False,,True,0
148,0.8476016167587876,607446869372148,6pcs透明亚克力抽屉收纳器套装，多功能化妆品和书桌收纳盒，家庭办公抽屉桌面收纳器，用于美容用品文具，书桌和抽屉收纳器，用于家庭存储,6.36,家居厨房用品,家庭收纳,https://img.kwcdn.com/product/fancy/cbd2f81b-4fd6-4c9a-ad3d-35826b5d633a.jpg,https://www.temu.com/search_result.html?search_key=607446869372148&search_method=user,917.csv,False,,False,1
149,0.8473168312176156,601099870648375,1件 棒球帽防变形洗衣机收纳和清洁保护架节省空间，适用于洗衣机，可拆卸清洁架保持形状,2.3,家居厨房用品,衣橱收纳,https://img.kwcdn.com/product/fancy/de4f03ac-9471-49e5-90d0-d778f326717a.jpg,https://www.temu.com/search_result.html?search_key=601099870648375&search_method=user,917.csv,False,,True,1
150,0.8464978880722969,607510220092939,定制个性化彩条印花装饰木质教师便签夹，带教师姓名定制礼物，用于教师办公桌的木质便签收纳件，铅笔配件装饰便签夹，教师节礼物，不含便签,2.65,家居厨房用品,家庭收纳,https://img.kwcdn.com/product/open/67672626e08f4de099c0123f1b15c127-goods.jpeg,https://www.temu.com/search_result.html?search_key=607510220092939&search_method=user,917.csv,False,,False,10
151,0.8447159259753918,606814703827496,一个多功能波浪形锅盖架 厨房隔热锅盖架 台面锅盖收纳 方便的厨房小工具,3.36,家居厨房用品,厨房收纳,https://img.kwcdn.com/product/fancy/8e49838d-1f00-45c6-abba-21dd1699e90f.jpg,https://www.temu.com/search_result.html?search_key=606814703827496&search_method=user,917.csv,False,,False,0
152,0.8439294884818516,607310772574391,免钻孔壁柜式纸巾架挂架，悬挂式厨房卷纸收纳架，多功能柜门挂钩，适用于纸巾、保鲜膜和铝箔卷，节省空间的厨房收纳配件，黑/白（可选2色）,3.05,家居厨房用品,厨房收纳,https://img.kwcdn.com/product/fancy/34c17d6b-48e4-4f04-b634-a1b61bb59c48.jpg,https://www.temu.com/search_result.html?search_key=607310772574391&search_method=user,917.csv,False,,False,0
153,0.8419230818080532,606716993349220,"25-Pack Wooden Cone Ring Holder Wood Display Stand Organizer Holders Jewelry Craft, Jewelry Towers",8.92,家居厨房用品,家庭收纳,https://img.kwcdn.com/product/open/f9dcb041cd5d40298b8792293ce98d5d-goods.jpeg,https://www.temu.com/search_result.html?search_key=606716993349220&search_method=user,917.csv,False,,False,0
156,0.8401385156025907,607536526808176,桌面收纳整理盒，带4个透明抽屉，多隔层桌面展示盒，适用于文具和化妆品，塑料桌面置物盒，用于笔、马克笔、文具、化妆品、家庭办公室学校用品，桌面和抽屉整理器，适用于家庭收纳,12.16,家居厨房用品,家庭收纳,https://img.kwcdn.com/product/fancy/a22da5d0-09c9-4b8f-9c1f-c5c1cb0189a3.jpg,https://www.temu.com/search_result.html?search_key=607536526808176&search_method=user,917.csv,False,,False,0
158,0.8380033848891486,601102444161810,4件装天然木雕龙形吸盘挂钩 - 现代乡村风格墙面装饰，精美龙纹设计，适用于厨房、浴室、卧室 - 简易安装，无需螺丝/胶水，耐用实木挂钩（无需粘贴）,6.82,家居厨房用品,家庭收纳,https://img.kwcdn.com/product/fancy/23cedef5-4c46-4c3e-aecf-bd8a80445298.jpg,https://www.temu.com/search_result.html?search_key=601102444161810&search_method=user,917.csv,False,,True,16
159,0.8376718682193364,606651495064774,4 个装圆形内衣洗衣袋 网眼拉链封口 精致衣物洗护保护洗衣袋,7.94,家居厨房用品,衣橱收纳,https://img.kwcdn.com/product/fancy/00a4a1c6-2519-4081-83fd-6c27488f98cf.jpg,https://www.temu.com/search_result.html?search_key=606651495064774&search_method=user,917.csv,False,,False,0
160,0.8289618346599842,605703330710746,1个现代风亮丽芙兰花丛丛林扩散印花马桶纸巾架，纸巾架桌面纸巾盒，适用于玄关置物架、阅读角和候车区，可用作纸巾盒,4.18,家居厨房用品,厨房收纳,https://img.kwcdn.com/product/21137b22512/34fbbbe4-13ee-44d7-8c69-59306a3fcb24_1000x1000.jpeg,https://www.temu.com/search_result.html?search_key=605703330710746&search_method=user,917.csv,False,,True,0
161,0.8268551124077973,601105483937330,现代洗衣主题壁挂钥匙架，金属墙面装饰，带5个挂钩的钥匙收纳架，现代洗衣主题钥匙挂钩，铁艺工艺，适用于玄关、走廊、厨房装饰，功能性装饰，节省空间，暖房装饰，新居业主的理想礼物,27.84,家居厨房用品,家庭收纳,https://img.kwcdn.com/product/fancy/3950089c-3533-4044-9f8c-d214a2b2d42d.jpg,https://www.temu.com/search_result.html?search_key=601105483937330&search_method=user,917.csv,False,,True,0
162,0.8255247024817083,606610692926881,3个装方形笔筒 铅笔筒 黑色金属网格笔铅笔杯 文具收纳器 书桌用,7.37,家居厨房用品,家庭收纳,https://img.kwcdn.com/product/fancy/969bc258-9ace-4126-93d0-fb0ae39d6a08.jpg,https://www.temu.com/search_result.html?search_key=606610692926881&search_method=user,917.csv,False,,False,0
163,0.825205315353212,607584442487133,70年代复古风柔和风格洗衣篮，完美适用于温馨卧室、周末收纳或小户型空间的轻松日常，置物架用篮筐,7.37,家居厨房用品,家庭收纳,https://img.kwcdn.com/product/open/6273b3ab50c44cb8906e18e607f77963-goods.jpeg,https://www.temu.com/search_result.html?search_key=607584442487133&search_method=user,917.csv,False,,False,0
164,0.8247617591140579,606990797532354,墙壁和橱柜门安装式容器盖收纳盒，带粘性挂钩的5槽塑料盖子储物架，多用途厨房节省空间整理工具,1.85,家居厨房用品,厨房收纳,https://img.kwcdn.com/product/open/7c08f7cdaabf43afa022505fd2497369-goods.jpeg,https://www.temu.com/search_result.html?search_key=606990797532354&search_method=user,917.csv,False,,False,0
165,0.8233667027249773,601105180884418,1个可定制个性化首饰盒，纪念意义伴手礼，可定制姓名/文字 - 优雅花卉或心形设计，柔和粉彩色系（薄荷绿、粉色、白色）- 旅行盒 - 生日、伴娘、圣诞节礼物盒，适合女性、女孩 - 优雅首饰收纳盒，送给朋友、爱人、母亲的完美礼物,13.45,家居厨房用品,家庭收纳,https://img.kwcdn.com/product/fancy/69b25b91-8000-479a-8e12-a9d9c93ad32e.jpg,https://www.temu.com/search_result.html?search_key=601105180884418&search_method=user,917.csv,False,,True,0
166,0.821296381939366,607534916176724,1件悬挂式网眼储物袋，涤纶透气和可水洗洗衣组织者，壁挂式内衣和袜子分类袋,1.42,家居厨房用品,衣橱收纳,https://img.kwcdn.com/product/fancy/86c1bd8c-73f0-4970-8dbb-6d14e2768567.jpg,https://www.temu.com/search_result.html?search_key=607534916176724&search_method=user,917.csv,False,,False,1
168,0.8183640769483728,605512137584715,1件。 野猫肖像葵花收纳盒带盖，复古波普艺术印花，面料柔软，容量大，多种尺寸可供选择，非常适合收纳，洗衣房，节日装饰，帮助存储小 物品、毛巾,8.87,家居厨房用品,家庭收纳,https://img.kwcdn.com/product/open/013595f200934993a58117ea3f02602f-goods.jpeg,https://www.temu.com/search_result.html?search_key=605512137584715&search_method=user,917.csv,False,,True,0
169,0.8159013196427712,607021399136877,复古椭圆拱形设计木质壁挂搁板，单层悬浮展示置物组件，实木墙面装饰托架，摆放小型装饰物件，公寓宿舍高颜值家居墙面点缀，玄关墙面装饰,7.45,家居厨房用品,家庭收纳,https://img.kwcdn.com/product/open/753ed83e723745f4980434732b9f0a53-goods.jpeg,https://www.temu.com/search_result.html?search_key=607021399136877&search_method=user,917.csv,False,,False,3
170,0.8133305518038892,606882282461406,1个可折叠收纳脏衣篮，整体满印低饱和橄榄绿搭配米白小格纹印花，适用于卧室、浴室、宿舍、衣帽间、车内收纳，可作家居收纳摆件、家居装饰。,8.76,家居厨房用品,衣橱收纳,https://img.kwcdn.com/product/fancy/6e2b9776-d8e3-47c0-90e0-43e0132c0b52.jpg,https://www.temu.com/search_result.html?search_key=606882282461406&search_method=user,917.csv,False,,False,5
172,0.8123639677953413,607152664076258,40盎司豹纹汽车随行杯：不锈钢旅行马克杯,15.77,家居厨房用品,厨房收纳,https://img.kwcdn.com/product/open/15a14e102d8e47678b5323b53b385d42-goods.jpeg,https://www.temu.com/search_result.html?search_key=607152664076258&search_method=user,917.csv,False,,False,0
174,0.8109372168682883,607522299690259,"Lunch-holding Bento Box with Stylish Printed Graphic, Flip-lid Divided Container for Multi-portion Food Storage",6.44,家居厨房用品,厨房收纳,https://img.kwcdn.com/product/open/04dba1b237c44e24a9992c843a221967-goods.jpeg,https://www.temu.com/search_result.html?search_key=607522299690259&search_method=user,917.csv,False,,False,19
175,0.8107856177616901,607310772576896,6个INEDACO可折叠床单收纳整理袋，整理箱，大容量，带拉链，防潮，防尘，节省空间，可折叠，移动，适用于衣柜家居收纳，适合床单套装，衣物，家居杂物的收纳,8.82,家居厨房用品,衣橱收纳,https://img.kwcdn.com/product/fancy/cbefd2ab-6449-418f-a0c0-41d58aa3493c.jpg,https://www.temu.com/search_result.html?search_key=607310772576896&search_method=user,917.csv,False,,False,2
177,0.8062353725457277,607148905991544,立式10层防尘鞋柜，可收纳大量鞋履，适合衣柜、走廊、卧室和入口，入户理想选择，租房入户门口鞋子整理收纳架。,20.25,家居厨房用品,衣橱收纳,https://img.kwcdn.com/product/open/ca103d2226684e509e9bfed17feaf3ff-goods.jpeg,https://www.temu.com/search_result.html?search_key=607148905991544&search_method=user,917.csv,False,,False,0
178,0.8061174528969042,606064040863508,1个装，大号可折叠万圣节主题收纳篮，敞口式储物箱。长方形织物收纳筐带提手，适用于衣物整理、礼品收纳、露营用品整理、书籍收纳等,4.82,家居厨房用品,家庭收纳,https://img.kwcdn.com/product/fancy/64bbf787-610a-40bd-adc1-36f6a3d920a5.jpg,https://www.temu.com/search_result.html?search_key=606064040863508&search_method=user,917.csv,False,,False,48
180,0.8034975616622956,607246616521707,1套/3个装，16.9盎司龙纹保温瓶，304不锈钢真空瓶和马克套装，便携式真空杯，冷热饮皆宜，旅行咖啡杯，适用于办公室、家庭、户外露营,11.35,家居厨房用品,厨房收纳,https://img.kwcdn.com/product/open/c5940769037b4de499a298fbf45bb7bd-goods.jpeg,https://www.temu.com/search_result.html?search_key=607246616521707&search_method=user,917.csv,False,,False,0
181,0.8016751117391664,601105487054600,1个经典马和马蹄钥匙扣，墙壁装饰，金属墙壁艺术品，钥匙收纳架，带5个挂钩，经典马和马蹄钥匙挂钩，铁艺工艺品，非常适合入口、走廊、卧室装饰，结构坚固，动物主题,27.44,家居厨房用品,家庭收纳,https://img.kwcdn.com/product/fancy/75e3c845-eafc-4664-9590-1a1c8c9fb5e7.jpg,https://www.temu.com/search_result.html?search_key=601105487054600&search_method=user,917.csv,False,,True,0
182,0.8003542762072245,607293324245795,简约镂空铁艺可折叠晾衣架DIY组装配件悬挂式阳台晾晒架淋浴间衣物毛巾浴袍脏衣收纳架配件自行组装【2片网片+4个贴片+一包扎带】,9.43,家居厨房用品,衣橱收纳,https://img.kwcdn.com/product/open/4cf25942e2324b27ac10e1162107f0c4-goods.jpeg,https://www.temu.com/search_result.html?search_key=607293324245795&search_method=user,917.csv,False,,False,0
184,0.7998349804594248,601105554788232,1件罗马书8:28经文钥匙挂钩壁挂架 - 坚固铁制钥匙收纳架带6个挂钩，经文墙饰适用于玄关、走廊，暖房礼物，适合装饰、圣诞及全年装饰,12.7,家居厨房用品,家庭收纳,https://img.kwcdn.com/product/fancy/c78f853b-87de-4c54-b8af-fab000631352.jpg,https://www.temu.com/search_result.html?search_key=601105554788232&search_method=user,917.csv,False,,True,0
186,0.7931802573852512,607000461153724,「双耳锅铲架」圆盘沥水槽搭配双弧形托耳，可承托锅铲汤勺，积水槽便于收集汤汁，适合厨房灶台台面，简约餐厨收纳摆件。,1.31,家居厨房用品,厨房收纳,https://img.kwcdn.com/product/fancy/7dc4e516-b835-4401-8a56-e02efc184f96.jpg,https://www.temu.com/search_result.html?search_key=607000461153724&search_method=user,917.csv,False,,False,3
189,0.7886827318451551,607368754633606,塑料洗澡提篮手提学生沐浴洗漱洗浴用品收纳篮子卫生间浴筐浴室,7.13,家居厨房用品,家庭收纳,https://img.kwcdn.com/product/open/9867c7e34ab14d3d840928cbdce204a7-goods.jpeg,https://www.temu.com/search_result.html?search_key=607368754633606&search_method=user,917.csv,False,,False,0
190,0.788293608812115,606926104533478,多功能免钻孔衣帽挂钩，收纳用品，含粘钩与免钉钩，适用于宿舍内无缝收纳内衣、背心、包袋、帽子及围巾,2.0,家居厨房用品,家庭收纳,https://img.kwcdn.com/product/open/b3a170f671d2442fae2601bcf5727238-goods.jpeg,https://www.temu.com/search_result.html?search_key=606926104533478&search_method=user,917.csv,False,,False,1
191,0.7868561904150988,606894898916610,大号重型塑料收纳箱 带翻盖式顶盖 - 大容量加厚设计 适用于家居与旅行、床底整理、节省空间的长方形储物箱 用于衣物、季节性装饰、床头置物架、床底收纳,8.71,家居厨房用品,衣橱收纳,https://img.kwcdn.com/product/open/11eb356ecdd84388b4b74d047b9b94d2-goods.jpeg,https://www.temu.com/search_result.html?search_key=606894898916610&search_method=user,917.csv,False,,False,0
192,0.7863024866039845,607003950849398,500毫升（16.9盎司）不锈钢骷髅头设计保温杯套装，内含一个保温瓶和三个杯子，适合随身携带、办公室或居家使用，可完美保持饮品冷热,11.0,家居厨房用品,厨房收纳,https://img.kwcdn.com/product/open/dec4db929671400e87df4d384b5fd7b2-goods.jpeg,https://www.temu.com/search_result.html?search_key=607003950849398&search_method=user,917.csv,False,,False,0
193,0.7845528654311975,607073676936532,"1 Heavy-duty Wire Brush with Ergonomic Blue and Red Handles - Ideal for Removing Rust, Slag, Dirt, and Paint, Deep Cleaning, Plastic Handle",2.2,家居厨房用品,清洁用品,https://img.kwcdn.com/product/fancy/3f308df3-9d03-4d28-8402-95ceb3b587aa.jpg,https://www.temu.com/search_result.html?search_key=607073676936532&search_method=user,917.csv,False,,False,2
194,0.7832200177863773,601105207125129,20/40/60件装 迷你易安装的透明自粘天花板挂钩 - 时尚的塑料吸盘，自粘无痕 适用于DIY装饰、派对、圣诞旗帜 节日、婚礼、生日和活动装饰等 耐用和时尚的墙挂钩，实用挂钩,0.98,家居厨房用品,家庭收纳,https://img.kwcdn.com/product/fancy/05ebb5f5-78b1-4cd0-923f-0f02d8e2cffa.jpg,https://www.temu.com/search_result.html?search_key=601105207125129&search_method=user,917.csv,False,,True,0
195,0.7804290125346638,607353453830731,潮玩手办展示架免打孔上墙安装需自备强力胶,4.6,家居厨房用品,家庭收纳,https://img.kwcdn.com/product/fancy/7b55b860-1a14-4e42-bd8d-a0280d731265.jpg,https://www.temu.com/search_result.html?search_key=607353453830731&search_method=user,917.csv,False,,False,0
198,0.7750032832770554,606257314402425,田园风格手工竹编手提收纳筐，天然竹材，结实耐用造型雅致，氛围感收纳手提篮，，居家露营两用文艺手提篮,14.12,家居厨房用品,家庭收纳,https://img.kwcdn.com/product/fancy/67a31ad4-4f05-45d5-8ead-cb9a1debb7d9.jpg,https://www.temu.com/search_result.html?search_key=606257314402425&search_method=user,917.csv,False,,False,5
201,0.7704611982082841,605705746626299,极简波西米亚风旅行洗衣袋，植物叶和螺旋圆环设计，多用途家居收纳袋，大学生宿舍必备，适合洗衣房、卧室和旅行使用，送给爱居家人的贴心礼物，洗衣袋,13.71,家居厨房用品,衣橱收纳,https://img.kwcdn.com/product/fancy/0b291016-32a9-43e8-8aa7-1b524c5b607d.jpg,https://www.temu.com/search_result.html?search_key=605705746626299&search_method=user,917.csv,False,,True,3
202,0.7680863389007315,601105397515191,一件创意美式橄榄球钥匙挂架，金属墙面装饰，带7个挂钩的钥匙收纳架，独特美式橄榄球钥匙挂钩，铁艺工艺，适用于玄关、卧室、办公室装饰，功能性装饰，坚固结构，父亲节装饰，体育迷理想礼物,35.67,家居厨房用品,家庭收纳,https://img.kwcdn.com/product/fancy/7614ae4d-1652-4ce3-a0a7-453a1216c3e1.jpg,https://www.temu.com/search_result.html?search_key=601105397515191&search_method=user,917.csv,False,,True,0
204,0.7675310232156448,601104789921933,"A Single-Layer Storage Cabinet Measuring 47 Cm in Length And 25 Cm in Width, Featuring a Lid. It'S Suitable for Home Use As a File Cabinet Or Bedside Table, Aesthetically Pleasing And Durable, Easy to Assemble, Multifunctional",57.5,家居厨房用品,家庭收纳,https://img.kwcdn.com/product/fancy/59e20b97-149c-46a0-b098-9a8eccb7e908.jpg,https://www.temu.com/search_result.html?search_key=601104789921933&search_method=user,917.csv,False,,True,1
205,0.7670168037042848,606633778327810,"3pcs/1 Set Religious Golden Virgin Mary Prayer Bead Box + Bracelet Pouch, Storage for Earrings and Necklaces, Gift Accessories for Friends, Jewelry Boxes",9.04,家居厨房用品,家庭收纳,https://img.kwcdn.com/product/fancy/5fd71d97-a423-4dc1-a717-1ea20405c612.jpg,https://www.temu.com/search_result.html?search_key=606633778327810&search_method=user,917.csv,False,,False,0
207,0.7646044140532702,607229973482426,2件套（1个缝隙刷+1个迷你挂钩）硬毛瓷砖缝隙清洁刷，浴室淋浴间瓷砖缝隙刷，瓷砖清洁刷，清洁用品,4.19,家居厨房用品,清洁用品,https://img.kwcdn.com/product/open/4c0a3c7d336346e1969c7c86d4d0b34e-goods.jpeg,https://www.temu.com/search_result.html?search_key=607229973482426&search_method=user,917.csv,False,,False,0
208,0.7645281907163924,601105486382228,1件荆棘冠冕十字钥匙挂钩 - 金属壁挂式钥匙收纳架，带5个挂钩，饰有华丽荆棘冠冕与十字架图案，耐用铁制钥匙架，适用于玄关、基督教装饰、圣诞礼物，可用于玄关、卧室、客厅装饰及圣诞装饰,33.34,家居厨房用品,家庭收纳,https://img.kwcdn.com/product/fancy/c2e2dda7-ffd7-4539-98fb-0ec4156d9eac.jpg,https://www.temu.com/search_result.html?search_key=601105486382228&search_method=user,917.csv,False,,True,0
209,0.7620979252279447,607398819414884,3件套 淋浴置物架，不锈钢材质，带淋浴置物架粘钩，适用于浴室、厨房、台面转角搁板（黑色）,12.83,家居厨房用品,家庭收纳,https://img.kwcdn.com/product/open/f717b28c2f044652b93e82f7074b85d9-goods.jpeg,https://www.temu.com/search_result.html?search_key=607398819414884&search_method=user,917.csv,False,,False,0
211,0.756389513400563,607429689473940,2件套（1个免打孔吸盘U形挂钩+1个随机颜色泡泡网袋）奶油风U形挂钩，浴室壁挂式鞋架，多功能墙壁挂钩，可悬挂发圈、沐浴球等浴室用品，实用挂钩,1.27,家居厨房用品,家庭收纳,https://img.kwcdn.com/product/fancy/7e3754cc-6b96-4cbd-a7ab-5db481f96bf2.jpg,https://www.temu.com/search_result.html?search_key=607429689473940&search_method=user,917.csv,False,,False,0
212,0.7556242684005018,601105481921686,"1pc Nature Tree Key Holder for Wall - Metal Key Organizer Rack with 5 Hooks, Rustic Tree Branch Design with Leaves, Iron Key Hanger for Entryway, Hallway, Bedroom - Minimalist Wall-Mounted Decor, Ideal Christmas Gift for Nature Lovers, Christmas",23.3,家居厨房用品,家庭收纳,https://img.kwcdn.com/product/fancy/ba1d27c8-3cc2-448c-acbc-6bad364d3837.jpg,https://www.temu.com/search_result.html?search_key=601105481921686&search_method=user,917.csv,False,,True,1
213,0.7555495662327217,601105551249046,现代跑车钥匙挂架（壁挂式）一件，金属墙饰，带6个挂钩的钥匙收纳架，现代跑车钥匙挂钩，铁艺工艺，适用于玄关、车库、办公室装饰，结构坚固，功能性装饰，父亲节装饰，车迷理想礼物,24.66,家居厨房用品,家庭收纳,https://img.kwcdn.com/product/fancy/09dcc29d-07a4-4ae5-b093-901c6b540982.jpg,https://www.temu.com/search_result.html?search_key=601105551249046&search_method=user,917.csv,False,,True,4
214,0.7518739057367556,601105488828514,现代风欧姆符号钥匙挂架 壁挂式钥匙收纳架带5挂钩 - 欧姆符号墙饰与极简铁艺钥匙挂钩 适用于玄关走廊 - 瑜伽馆灵性装饰 瑜伽爱好者与冥想者暖房礼物,38.74,家居厨房用品,家庭收纳,https://img.kwcdn.com/product/fancy/188b5635-d524-46b0-b653-2fae61128f0f.jpg,https://www.temu.com/search_result.html?search_key=601105488828514&search_method=user,917.csv,False,,True,0
215,0.7501216835852899,607047437374386,2件套（1个可爱猫咪水龙头置物架+1个随机颜色泡泡网袋）带排水孔海绵收纳架，适用于浴室和厨房节省空间，浴室储物架和置物架，搁板篮,2.26,家居厨房用品,家庭收纳,https://img.kwcdn.com/product/fancy/fc54d634-03f7-4368-98c8-d2c9ff102e15.jpg,https://www.temu.com/search_result.html?search_key=607047437374386&search_method=user,917.csv,False,,False,0
216,0.7495617197882283,601105682103886,1个轻便椭圆形束口洗衣袋 - 适用于房车、露营车及旅行，便携省空间，适合常旅客、家庭出游、圣诞集市 - 收纳袋，洗衣袋,11.81,家居厨房用品,衣橱收纳,https://img.kwcdn.com/product/20195058c20/7325a2fe-76f0-40a8-bf54-0c01097e8e96_1000x1000.jpeg,https://www.temu.com/search_result.html?search_key=601105682103886&search_method=user,917.csv,False,,True,3
217,0.745857524902062,605777821542757,1个可爱海豹海洋动物水彩艺术托特包，献给海洋爱好者,4.85,家居厨房用品,厨房收纳,https://img.kwcdn.com/product/fancy/a80563a0-2fc2-49fa-9887-71ab456a0849.jpg,https://www.temu.com/search_result.html?search_key=605777821542757&search_method=user,917.csv,False,,False,0
218,0.74479635126138,601102720243989,圣诞收纳袋圣诞节彩带收纳收纳容器加厚圣诞树球藤条收纳袋圣诞装饰毛条彩条圣诞收纳圆包,6.19,家居厨房用品,家庭收纳,https://img.kwcdn.com/product/open/278790f352c443a4a145095f693ee817-goods.jpeg,https://www.temu.com/search_result.html?search_key=601102720243989&search_method=user,917.csv,False,,True,1
220,0.741410458996184,601105551060265,一款现代风格的金属琴手钥匙架，带有六个挂钩。这款时尚的家居饰品既可用作钥匙收纳器，又为您的玄关、走廊增添了一丝现代感。,33.93,家居厨房用品,家庭收纳,https://img.kwcdn.com/product/fancy/4a0b0829-3d05-49b4-9e79-2f5c5eafcb4e.jpg,https://www.temu.com/search_result.html?search_key=601105551060265&search_method=user,917.csv,False,,True,0
221,0.7411155812160192,607673965765892,1套/3件装，500毫升真空保温水瓶，304不锈钢隔热瓶配3个瓶盖，带提手防漏旅行杯，适用于冷热饮品，可爱青蛙造型，附赠礼盒,12.62,家居厨房用品,厨房收纳,https://img.kwcdn.com/product/open/ded3609fe14d4c4ea0c9c97b8c7b5f7b-goods.jpeg,https://www.temu.com/search_result.html?search_key=607673965765892&search_method=user,917.csv,False,,False,0
222,0.7399098671331035,607379492056838,"New 1pc Extra Large Ring Tray, Jewelry Storage Plate, Jewelry Dish, Large Capacity, Can Hold Necklaces, Earrings, Studs, Bracelets, Countertop, Thickened High Quality, Heavy Feel, Christmas, Halloween, Jewelry Trays",11.46,家居厨房用品,家庭收纳,https://img.kwcdn.com/product/fancy/54f76bba-0bd7-4014-9169-dd603e28a2ec.jpg,https://www.temu.com/search_result.html?search_key=607379492056838&search_method=user,917.csv,False,,False,0
223,0.7391545434148263,607392645363844,6件套（3个容器+3个盖子）大号透明收纳盒带盖，耐用 PP 塑料材质，简约时尚，适合手工爱好者与教师使用，办公桌面收纳专用,6.32,家居厨房用品,家庭收纳,https://img.kwcdn.com/product/fancy/72bbb2d6-f7e7-4f63-9a13-799f34e97a5f.jpg,https://www.temu.com/search_result.html?search_key=607392645363844&search_method=user,917.csv,False,,False,0
225,0.7334078418417631,601105553256315,复古牛仔情侣心形钥匙挂架 - 金属壁挂式钥匙收纳架带6个挂钩，西部牛仔与女牛仔设计，耐用铁制钥匙挂钩，适用于玄关、卧室，情侣情人节婚礼礼物，简约农场风格,8.23,家居厨房用品,家庭收纳,https://img.kwcdn.com/product/fancy/9875e07c-c575-4bd8-a143-81508db02138.jpg,https://www.temu.com/search_result.html?search_key=601105553256315&search_method=user,917.csv,False,,True,5
226,0.7322421577326609,607085018326841,5件随机颜色，便携式折叠衣架- 耐用塑料，适合旅行和家庭使用带防滑握把,2.75,家居厨房用品,衣橱收纳,https://img.kwcdn.com/product/open/793eeb459ef648528de6b69aacd29ff5-goods.jpeg,https://www.temu.com/search_result.html?search_key=607085018326841&search_method=user,917.csv,False,,False,0
228,0.7305746330299174,606837252400016,选择可伸缩厨房橱柜用悬挂式收纳篮——采用金属蜂窝设计的锻铁置物架，无需钻孔，特别适用于浴室、厨房及宿舍橱柜下方。居家整理必备之选,18.02,家居厨房用品,厨房收纳,https://img.kwcdn.com/product/open/b4e133f6ea2441f389ae28b756acd66b-goods.jpeg,https://www.temu.com/search_result.html?search_key=606837252400016&search_method=user,917.csv,False,,False,0
229,0.7293220915986195,607687119049489,"Flexible Layout 5-Pack Dart Wall-Mount Kit, No-Drill Adapts to Various Wall Surfaces. Compact Design Saves Space, Combines Soundproofing and Storage Functions, Durable Plastic Fits Offices, Garages, or Basements, Easily Creating Professional Dart Cor",2.44,家居厨房用品,家庭收纳,https://img.kwcdn.com/product/open/252b11dc1e2c47ca82625bd327fa6ff1-goods.jpeg,https://www.temu.com/search_result.html?search_key=607687119049489&search_method=user,917.csv,False,,False,0
230,0.7276625111577486,607615446808205,1个带盖墨西哥民间艺术盒子 - 女性肖像玫瑰皇冠长方形盒子，适合整理办公用品、浴室用品、季节性装饰等 - 耐用翻盖盒，多功能收纳，床下收纳,3.5,家居厨房用品,衣橱收纳,https://img.kwcdn.com/product/fancy/52a0c2f3-8763-4de9-b004-5d5fd9c67774.jpg,https://www.temu.com/search_result.html?search_key=607615446808205&search_method=user,917.csv,False,,False,15
231,0.7267587808115503,601105483564317,1个现代抽象线条艺术钥匙挂架，墙面金属墙饰，钥匙收纳架带5个挂钩，现代抽象线条艺术钥匙挂钩，铁艺工艺品，非常适合玄关、走廊、客厅装饰，极简主义设计，功能性装饰,40.43,家居厨房用品,家庭收纳,https://img.kwcdn.com/product/fancy/624b9959-7c1a-4525-a476-1be7cd41603b.jpg,https://www.temu.com/search_result.html?search_key=601105483564317&search_method=user,917.csv,False,,True,0
234,0.7254546383355456,601102422116457,一件可定制金属装饰挂钩，个性化的现代山脉与森林设计，多功能钩子，可悬挂钥匙、帽子及配件，适合玄关或礼物，完美的钥匙收纳时尚装饰品 | 钥匙架墙面挂件。,9.71,家居厨房用品,家庭收纳,https://img.kwcdn.com/product/fancy/1eb05f2a-910c-4c1d-bc36-96f6b8350905.jpg,https://www.temu.com/search_result.html?search_key=601102422116457&search_method=user,917.csv,False,,True,1
237,0.724492606138386,607189171283200,1个/3个复古圣诞树木质餐巾纸架，乡村雕花星星花卉块状图案纸巾架，圣诞节家居厨房桌面纸巾分配器，冬季派个餐桌中心装饰品,4.8,家居厨房用品,厨房收纳,https://img.kwcdn.com/product/open/b5f65a9445b1483888d9f75d5c66fbba-goods.jpeg,https://www.temu.com/search_result.html?search_key=607189171283200&search_method=user,917.csv,False,,False,0
238,0.7217700547979072,607095487362289,60只装隔热袋，防水保温食品收纳袋，适用于午餐、购物及新鲜农产品储存,9.78,家居厨房用品,厨房收纳,https://img.kwcdn.com/product/open/a444444a561845ca870e140d53451ef0-goods.jpeg,https://www.temu.com/search_result.html?search_key=607095487362289&search_method=user,917.csv,False,,False,3
239,0.7213365463272244,607288223987408,3件套组合重型折叠多层裤架 - 节省空间不锈钢衣柜收纳整理架，带防滑和防皱层，适用于牛仔裤、打底裤、阔腿裤，储物衣架,6.57,家居厨房用品,衣橱收纳,https://img.kwcdn.com/product/open/5803c5275806445a83b7322fdc73cb28-goods.jpeg,https://www.temu.com/search_result.html?search_key=607288223987408&search_method=user,917.csv,False,,False,0
240,0.7206672076022157,606814435387323,"Wavy Anti Slip Bunk Bed Hanging Organizer, Heavy Duty Carbon Steel No Drill Hanging Rack, Tool Free Over Rail Storage Hanger for Dorm Bedroom Wardrobe, Holds Clothes Bags Keys Ornaments",5.35,家居厨房用品,家庭收纳,https://img.kwcdn.com/product/algo_framework/ImageCm2InAlgo/05d1c308-a8d0-11f1-a592-0a580aaf8d88.jpg,https://www.temu.com/search_result.html?search_key=606814435387323&search_method=user,917.csv,False,,False,0
242,0.7173754439742681,607570349666476,1PC壁挂式锅盖收纳架，多层壁挂厨房储物架，橱柜收纳架，适用于锅盖，锅具和砧板，节省空间的厨房置物架，适合家庭和餐厅使用,7.5,家居厨房用品,厨房收纳,https://img.kwcdn.com/product/fancy/d21ed3d8-0684-4a44-8ba8-96edce558c75.jpg,https://www.temu.com/search_result.html?search_key=607570349666476&search_method=user,917.csv,False,,False,0
243,0.7155683598667618,601105398053105,1件现代鹰形壁挂钥匙架，带7个挂钩 - 金属鹰形钥匙收纳架，坚固铁艺鹰装饰，适用于玄关、走廊、卧室 - 优雅鹰主题钥匙挂架，自然爱好者与鹰装饰爱好者的理想圣诞礼物，圣诞装饰,6.85,家居厨房用品,家庭收纳,https://img.kwcdn.com/product/fancy/bc045226-14ab-44de-a6e5-061346bf65b5.jpg,https://www.temu.com/search_result.html?search_key=601105398053105&search_method=user,917.csv,False,,True,4
245,0.71259481491977,606776854418123,"1-Pack Home Clothes Storage Box, Wardrobe Drawer-Style Storage Bin with Reinforced Heavy-Duty Thickened Steel Frame, Foldable, Odor-Free, and Reinforced Handles. Foldable Lidded Storage Container for Clothes, Wardrobes, and Balconies",8.51,家居厨房用品,衣橱收纳,https://img.kwcdn.com/product/open/87f0bf9da0194038a27c3f4cddd3a029-goods.jpeg,https://www.temu.com/search_result.html?search_key=606776854418123&search_method=user,917.csv,False,,False,0
247,0.7121410790441575,606796718698440,可压缩内衣收纳盒、超软记忆材质、衣物收纳袋、适用于衣物 内衣 床单的整理组织器、多功能收纳包、用于卧室和宿舍，旅行和家居必备,6.11,家居厨房用品,衣橱收纳,https://img.kwcdn.com/product/open/9c4e5b4ab2a942788ae649874bd3e7ed-goods.jpeg,https://www.temu.com/search_result.html?search_key=606796718698440&search_method=user,917.csv,False,,False,0
248,0.7114251884068963,607414657067755,"4pcs Straw Cleaning Brush Set Reusable, Suitable for Glass Straws, Metal Straws, Water Bottles, Sippy Cups, Tubes, Glasses, Etc.- No Power Required",1.08,家居厨房用品,清洁用品,https://img.kwcdn.com/product/fancy/973690db-575d-4bae-9505-4eea9bf744f2.jpg,https://www.temu.com/search_result.html?search_key=607414657067755&search_method=user,917.csv,False,,False,0
249,0.7112680574016848,606337241071568,现代黑色折叠洗衣篮，带坚固垂直凹槽和人体工学把手 - 可折叠节省空间设计，耐用聚酯储物收纳筐，适用于卧室、浴室、衣柜 - 便携式衣物篮，置物架,10.79,家居厨房用品,衣橱收纳,https://img.kwcdn.com/product/20ef5f0ca8/ed4d8d3c-19a3-4eda-88f5-09d12f30a3ee_1000x1000.jpeg,https://www.temu.com/search_result.html?search_key=606337241071568&search_method=user,917.csv,False,,False,0
250,0.7086932138467498,607637190063420,3件装 随机颜色可折叠保温午餐手提袋，加厚铝箔隔热内衬，便携式拉链冷藏包，适用于户外露营。非食品接触，搭配冰袋使用可更好保冷,6.53,家居厨房用品,厨房收纳,https://img.kwcdn.com/product/fancy/f860d8ac-143c-457d-b35b-b0f59cc4b403.jpg,https://www.temu.com/search_result.html?search_key=607637190063420&search_method=user,917.csv,False,,False,1
251,0.7069343480668272,607605783148239,迷你贵宾犬造型桌面笔筒，迷你3D 打印塑料材质卷毛小狗笔筒，可放置铅笔、绘画画笔、勾线笔、彩铅等多类书写绘画工具，氛围感桌面小摆件,3.46,家居厨房用品,家庭收纳,https://img.kwcdn.com/product/fancy/eba225fc-1f7d-413c-89d3-844140acfb8d.jpg,https://www.temu.com/search_result.html?search_key=607605783148239&search_method=user,917.csv,False,,False,0
252,0.7065254960263059,607583502980692,1/2个三层悬挂式内衣袜子收纳袋 - 透明壁挂多层衣物整理架，适合宿舍居家使用,3.3,家居厨房用品,衣橱收纳,https://img.kwcdn.com/product/open/89c53c4720914b62b690bd2df55d12b7-goods.jpeg,https://www.temu.com/search_result.html?search_key=607583502980692&search_method=user,917.csv,False,,False,3
253,0.7058723022123349,601105552944242,现代风格牙齿造型钥匙挂架，金属墙面装饰，带6个挂钩的钥匙收纳架，铁艺工艺，适用于玄关、走廊、卧室装饰，极简设计，功能性装饰，暖房礼物，适合所有人的理想礼物,9.99,家居厨房用品,家庭收纳,https://img.kwcdn.com/product/fancy/b7233d87-85b4-487f-81cc-5e1d4c24de30.jpg,https://www.temu.com/search_result.html?search_key=601105552944242&search_method=user,917.csv,False,,True,5
256,0.7034591259641282,607502167065032,"1-Pack Household Clothing and Underwear Storage Box, Pull-Out Double-Lid Clothes and Pants Organizer, Thickened Fabric with Built-in PP Board for Stability and No Collapse, Magic Hook and Loop Fastener for Home Wardrobe Clothes Organization",8.61,家居厨房用品,衣橱收纳,https://img.kwcdn.com/product/open/d76483618ff74ecc83426addfb3ba508-goods.jpeg,https://www.temu.com/search_result.html?search_key=607502167065032&search_method=user,917.csv,False,,False,0
257,0.7008178951313174,606619819733086,1个装，万圣节幽灵南瓜蜘蛛网印花方形收纳篮，大容量带手柄，可折叠储物箱，适用于家居衣柜、洗衣房，便携式收纳篮，洗衣篮，置物篮,6.31,家居厨房用品,家庭收纳,https://img.kwcdn.com/product/open/433d135414b74c7582d4092337d7c5af-goods.jpeg,https://www.temu.com/search_result.html?search_key=606619819733086&search_method=user,917.csv,False,,False,1
258,0.7001682749545096,606862485388205,尘玫瑰色竖条纹中性洗衣篮，设计巧妙不占空间，助您整周保持衣物收纳整齐，适用于置物架,5.59,家居厨房用品,家庭收纳,https://img.kwcdn.com/product/open/8fa03911512a40298a997b936df6faca-goods.jpeg,https://www.temu.com/search_result.html?search_key=606862485388205&search_method=user,917.csv,False,,False,0
259,0.6995404473794811,607231852537646,2个装（1个垃圾袋收纳器和1个粘性挂钩）壁挂式垃圾袋收纳架，厨房塑料垃圾袋整理器，挂式储物袋，适用于杂货袋和杂物（款式随机）,2.1,家居厨房用品,厨房收纳,https://img.kwcdn.com/product/fancy/12b97075-3a36-4c42-bd6e-18f1fe376b80.jpg,https://www.temu.com/search_result.html?search_key=607231852537646&search_method=user,917.csv,False,,False,0
260,0.6974626505787437,605548175039450,[] 3Pcs 6Pcs 爆款玫瑰 眼镜清洁布，相机镜头，手机屏幕专用清洁布，速干布，彩色护目镜清洁布，可重复使用，潮流单品，时尚必入，圣诞节饰品，节日礼物,3.85,家居厨房用品,清洁用品,https://img.kwcdn.com/product/fancy/e044e090-a7a6-472e-9f7b-600612b9d1a7.jpg,https://www.temu.com/search_result.html?search_key=605548175039450&search_method=user,917.csv,False,,True,0
261,0.6970637781645492,607064617279418,2PCS（1罐+1盖子）组合小号玻璃 南瓜造型储物罐，可以装饼干，糖果，咖啡豆，零食，可用于厨房收纳，家庭收纳，颜值高。适用于万圣节，圣诞节等,8.49,家居厨房用品,厨房收纳,https://img.kwcdn.com/product/open/8596b7752a164088a3e2442426a4dfd3-goods.jpeg,https://www.temu.com/search_result.html?search_key=607064617279418&search_method=user,917.csv,False,,False,1
262,0.6964428366284108,607070254371441,"1pc Large Size 5-Tier Wall-mounted Pot Lid Storage Rack, Thickened Polished Stainless Steel Material, Multifunctional Kitchen Organizer, Space-saving Storage Rack for Cabinets, Holds Pot Lids & Cutting Boards, Household Kitchen Storage Accessory Gift",10.36,家居厨房用品,厨房收纳,https://img.kwcdn.com/product/fancy/5d315ed9-2e92-44e6-973a-aaf21522e511.jpg,https://www.temu.com/search_result.html?search_key=607070254371441&search_method=user,917.csv,False,,False,0
264,0.693779510477948,606849868902302,6孔家居螺丝刀工具收纳墙壁挂钩 坚固的家庭车库 农舍墙壁工具收纳挂钩（不带螺丝）,1.08,家居厨房用品,家庭收纳,https://img.kwcdn.com/product/fancy/abbf45c7-4355-4053-a629-a3ff2e4fba18.jpg,https://www.temu.com/search_result.html?search_key=606849868902302&search_method=user,917.csv,False,,False,0
265,0.6924698920441775,607194540015051,免打孔悬挂编织收纳篮 北欧风厨房杂物整理筐 便携手持可展示（不带挂钩）,5.55,家居厨房用品,家庭收纳,https://img.kwcdn.com/product/fancy/220251b6-5125-4e29-b99e-4b99a3a495c3.jpg,https://www.temu.com/search_result.html?search_key=607194540015051&search_method=user,917.csv,False,,False,0
266,0.6920375498530861,606973751870905,胡桃木色桌面钥匙首饰收纳架 单个装 5挂钩带底部托盘 玄关钥匙钱包眼镜耳机小物整理展示架 不含展示用品,7.67,家居厨房用品,家庭收纳,https://img.kwcdn.com/product/open/ca5c43359020462e9f6ebdcd391289ef-goods.jpeg,https://www.temu.com/search_result.html?search_key=606973751870905&search_method=user,917.csv,False,,False,0
267,0.691287464454485,607015426429859,3个装创意折叠衣物整理板，高效翻转式洗衣收纳器，耐用轻便塑料材质，保持T恤、衬衫、裤子整洁无皱 - 非常适合卧室、客厅、办公室、书房，理想礼物,18.58,家居厨房用品,衣橱收纳,https://img.kwcdn.com/product/fancy/f2763d5b-7310-45ff-aad5-90900c4f88dc.jpg,https://www.temu.com/search_result.html?search_key=607015426429859&search_method=user,917.csv,False,,False,0
268,0.6896706074179296,601105391326975,1个西部牛仔靴钥匙挂架，墙壁金属墙饰，钥匙收纳架带7个挂钩，西部牛仔靴钥匙挂钩，铁艺工艺品，非常适合玄关、走廊、客厅装饰，结构坚固，功能性装饰，乔迁装饰,28.5,家居厨房用品,家庭收纳,https://img.kwcdn.com/product/fancy/fa6e22fd-fd6c-43a5-85af-9869adcb599b.jpg,https://www.temu.com/search_result.html?search_key=601105391326975&search_method=user,917.csv,False,,True,0
271,0.6871253211586484,607031868124475,1件装16.9盎司真空保温瓶套装，304不锈钢保温瓶配3个杯子，防漏鱼鳞纹水壶，适用于冷热饮品，是旅行、办公、户外活动的理想选择,11.5,家居厨房用品,厨房收纳,https://img.kwcdn.com/product/open/f2599e4e0aa64fb08a50f2a125b70b5b-goods.jpeg,https://www.temu.com/search_result.html?search_key=607031868124475&search_method=user,917.csv,False,,False,0
272,0.6846333411844531,601105484381014,1个装新奇手指向上钥匙扣，墙壁金属墙饰，带5个挂钩的钥匙收纳架，新奇手指向上钥匙挂钩，铁艺工艺品，非常适合玄关、办公室、客厅装饰，趣味设计，功能性装饰，乔迁装饰,27.3,家居厨房用品,家庭收纳,https://img.kwcdn.com/product/fancy/94d7210a-fd8f-4fe6-9511-1295617af7fd.jpg,https://www.temu.com/search_result.html?search_key=601105484381014&search_method=user,917.csv,False,,True,0
273,0.6838036590237709,605645080228116,500ml日式武士不锈钢保温杯17oz个层真空大容量运动水壶户外便携式车载水杯复古国潮风冷热两用随行杯创意个性高颜值咖啡杯男女生通用旅行健身骑行登山耐用水具节日礼品,12.76,家居厨房用品,厨房收纳,https://img.kwcdn.com/product/open/541e1476de4b4b588fbecada3ed5aa4f-goods.jpeg,https://www.temu.com/search_result.html?search_key=605645080228116&search_method=user,917.csv,False,,False,5
274,0.6833416121338094,607474786627904,6件装可调节衣柜隔板 - 可伸缩收纳架，适用于衣柜、浴室、厨房储物 - 免打孔易安装，附赠粘性垫 - 多功能分区系统，搁板隔板,1.64,家居厨房用品,家庭收纳,https://img.kwcdn.com/product/open/2024-07-02/1719889538226-18b56993262e46afb080c0772dadf4a5-goods.jpeg,https://www.temu.com/search_result.html?search_key=607474786627904&search_method=user,917.csv,False,,False,0
275,0.6826352117159974,607691145637760,比格犬图案真空保温水壶套装 - 1个304不锈钢保温水壶（16.9盎司）配3个防漏杯，适用于冷热饮品、旅行及户外活动,11.43,家居厨房用品,厨房收纳,https://img.kwcdn.com/product/open/eed4dcc021034803b5c2ca6708f09699-goods.jpeg,https://www.temu.com/search_result.html?search_key=607691145637760&search_method=user,917.csv,False,,False,0
276,0.6813470409410901,606174032317747,便携式奶油粉蓝色撞色樱花字母印花洗衣篮，用于浴室和卧室的衣物和毛巾收纳，洗衣篮,7.55,家居厨房用品,衣橱收纳,https://img.kwcdn.com/product/fancy/8e6a637f-1a05-4d1a-a29d-d165eef90e75.jpg,https://www.temu.com/search_result.html?search_key=606174032317747&search_method=user,917.csv,False,,False,0
277,0.6808127760301866,606953417882861,粉绿斑马纹可折叠洗衣篮，适用于周末家务或日常收纳，完美适配小户型公寓或休闲家居环境，置物架收纳筐,6.3,家居厨房用品,家庭收纳,https://img.kwcdn.com/product/open/2a9ef66e6491427a8105d06c0ddfd1b3-goods.jpeg,https://www.temu.com/search_result.html?search_key=606953417882861&search_method=user,917.csv,False,,False,0
278,0.6807196638349693,601102931053806,定制园艺工具金属钥匙挂钩1个，用于在玄关悬挂钥匙和帽带，适用于办公室、厨房、浴室、户外门廊、庭院的墙面装饰，亦可作为礼品、金属艺术品，尺寸为9.84英寸,6.9,家居厨房用品,家庭收纳,https://img.kwcdn.com/product/fancy/b6fe62e2-1cf7-4467-a573-1b1bc6c9651d.jpg,https://www.temu.com/search_result.html?search_key=601102931053806&search_method=user,917.csv,False,,True,0
279,0.6788356141824003,607244871671137,壁挂式蔬菜篮 水果杂物篮 天然藤编收纳筐 厨房储物 家居装饰,3.18,家居厨房用品,厨房收纳,https://img.kwcdn.com/product/open/b2dc4a958edc4ff6be154d72f04f73ad-goods.jpeg,https://www.temu.com/search_result.html?search_key=607244871671137&search_method=user,917.csv,False,,False,0
280,0.6774986744063209,607040458093629,1个马主题500Ml（16.9Oz）304不锈钢保温水壶，包含真空保温杯和3个杯子。这款防漏真空杯适合冷热饮品，是旅行、办公室、户外活动的理想选择,11.13,家居厨房用品,厨房收纳,https://img.kwcdn.com/product/open/5a898f4fe34649e7879d46e509b94a48-goods.jpeg,https://www.temu.com/search_result.html?search_key=607040458093629&search_method=user,917.csv,False,,False,0
281,0.6767904269956406,601105548069248,一件现代风格跑车钥匙扣，专为壁挂设计，采用金属墙饰和配备六个挂钩的钥匙收纳架。这款现代跑车钥匙挂钩由铁制成。,17.38,家居厨房用品,家庭收纳,https://img.kwcdn.com/product/fancy/3284085c-9b6c-4167-b897-287d5e74583e.jpg,https://www.temu.com/search_result.html?search_key=601105548069248&search_method=user,917.csv,False,,True,2
282,0.67510725641607,606759339056280,17oz不锈钢保温杯500ml双层真空便携式可乐瓶水壶户外运动旅行车载保冷杯椰林沙滩落日小船风景印花咖啡杯男女士通用随行直饮杯适用于健身房露营骑行与日常通勤,13.28,家居厨房用品,厨房收纳,https://img.kwcdn.com/product/open/f29e5cf5dbee472497701a9874a971d1-goods.jpeg,https://www.temu.com/search_result.html?search_key=606759339056280&search_method=user,917.csv,False,,False,5
283,0.6745965003079002,606210606624790,一件洛可可风格女士肖像收纳盒，配有华丽金色画框与粉色玫瑰——可折叠拉链设计，适用于旅行、打包、衣物、床上用品——优雅的洛可可行李箱式装饰盒,12.5,家居厨房用品,家庭收纳,https://img.kwcdn.com/product/fancy/df0f5bc7-0922-4bda-adfb-91122d0f252f.jpg,https://www.temu.com/search_result.html?search_key=606210606624790&search_method=user,917.csv,False,,False,1
284,0.6742677861140358,606682566462734,7件套厨房自粘加装纸巾卷架毛巾架纸巾架浴室卫生间收纳架,6.09,家居厨房用品,厨房收纳,https://img.kwcdn.com/product/open/71ba8e23916149e9adc231c2c71096e6-goods.jpeg,https://www.temu.com/search_result.html?search_key=606682566462734&search_method=user,917.csv,False,,False,0
285,0.6741737983998695,607446198281844,编织收纳篮，秋季家居装饰，篮子，圣诞礼物篮，家居装饰和收纳收纳篮，带手柄的纸绳收纳篮，小型编织篮用于整理，可爱装饰礼品篮，置物篮,3.63,家居厨房用品,家庭收纳,https://img.kwcdn.com/product/fancy/b62e3d15-b107-4265-b2e8-2dc4469f735a.jpg,https://www.temu.com/search_result.html?search_key=607446198281844&search_method=user,917.csv,False,,False,5
286,0.6734875908948392,607654638414174,【】1个装，粉色樱花蝴蝶印花收纳篮，适用于收纳、卧室整理、装饰性和功能性收纳篮，或洗衣篮，洗衣篮,8.72,家居厨房用品,衣橱收纳,https://img.kwcdn.com/product/fancy/aa9256b8-933e-4c48-970f-4b6915806a48.jpg,https://www.temu.com/search_result.html?search_key=607654638414174&search_method=user,917.csv,False,,False,0
287,0.6715535305216646,607229705075898,50只装黄色哑光牛皮纸自立袋 带透明窗口 10x15厘米/12x20厘米 包装袋 适用于零食、糖果、咖啡、干货、礼品及小物件 零售展示、家居收纳与包装用收纳袋,11.62,家居厨房用品,厨房收纳,https://img.kwcdn.com/product/fancy/3110845d-71bc-4ee1-9590-df14510c9896.jpg,https://www.temu.com/search_result.html?search_key=607229705075898&search_method=user,917.csv,False,,False,1
289,0.6652243367331753,606900871617137,1个304不锈钢保温真空杯，带猫头鹰印花和3个马克杯 - 16.9Oz真空杯，防漏水瓶，可爱猫头鹰设计，冷热保温，适合旅行、办公室 - 送给热冷饮的理想礼物,11.71,家居厨房用品,厨房收纳,https://img.kwcdn.com/product/open/409d04b8a68545d3853b6f42819816b2-goods.jpeg,https://www.temu.com/search_result.html?search_key=606900871617137&search_method=user,917.csv,False,,False,0
290,0.66316421411254,607079649653194,48件套（含24个碗状容器+盒状容器）透明塑料带盖带提手收纳盒 - 圆形迷你款，适用于派对、手工艺品、颜料、面团、糖果 - 多功能容器，可收纳美术用品、零食、点心等,12.64,家居厨房用品,家庭收纳,https://img.kwcdn.com/product/open/68e61076aed3409db8d847bba01a1dbc-goods.jpeg,https://www.temu.com/search_result.html?search_key=607079649653194&search_method=user,917.csv,False,,False,0
291,0.6613411012868557,601103365724349,"JIT, 脏衣篓,樱桃蝴蝶结图案,带把手储物篮,聚酯纤维,洗衣篮,卧室洗衣房宿舍收纳篮,大容量储物篮,便携式可折叠,多用途收纳筐,圆形脏衣篮,家居装饰/收纳用品",11.55,家居厨房用品,衣橱收纳,https://img.kwcdn.com/product/fancy/04ef2a6d-a471-46a3-bb82-31ea5270f55d.jpg,https://www.temu.com/search_result.html?search_key=601103365724349&search_method=user,917.csv,False,,False,1
293,0.6577443900466196,606789470928477,32盎司保温杯，配有保温瓶盖和防滑底座，适用于咖啡、茶、冷饮，便携式随行杯，适用于办公室、健身房、旅行、户外，是送给咖啡/茶爱好者的佳礼，可保温保冷数小时,15.29,家居厨房用品,厨房收纳,https://img.kwcdn.com/product/fancy/25fb273f-c30b-4284-beb6-7c7880190191.jpg,https://www.temu.com/search_result.html?search_key=606789470928477&search_method=user,917.csv,False,,False,0
294,0.6553225710705902,607432910722666,4个组合套装（云*1+月亮*1+飞碟*1+樱桃束口袋*1），免打孔自粘墙壁挂钩，无痕背胶安装，适用于浴室、厨房、卧室、门后衣物毛巾钥匙收纳【Brand：AQUASAFE】,2.86,家居厨房用品,家庭收纳,https://img.kwcdn.com/product/open/0554981d9d374238bd63ceb86a6a0089-goods.jpeg,https://www.temu.com/search_result.html?search_key=607432910722666&search_method=user,917.csv,False,,False,0
298,0.651220581511446,607509414781432,12个防风耐用塑料衣夹，强力防滑设计，加厚金属弹簧，适用于袜子、床单和衣物 - 厨房衣夹，衣针,2.92,家居厨房用品,衣橱收纳,https://img.kwcdn.com/product/open/195e55fe35934d65ab4efa2eb80d5063-goods.jpeg,https://www.temu.com/search_result.html?search_key=607509414781432&search_method=user,917.csv,False,,False,0
300,0.6497608435223791,605714336581872,新品1件装90升翻盖收纳箱，大号储物箱，用于衣物、被褥、毯子等收纳整理盒，可折叠整理箱，配有加固提手和透明视窗，可用于床下收纳,3.53,家居厨房用品,衣橱收纳,https://img.kwcdn.com/product/open/5f4821c0ae924ea987857e13ce150480-goods.jpeg,https://www.temu.com/search_result.html?search_key=605714336581872&search_method=user,917.csv,False,,True,2
301,0.6486655937631709,607283794832628,7Pcs高品质冰箱垫/衬垫 - 蓝绿色，易于清洁，可水洗，耐用 EVA 材质，适用于冰箱冷冻室、搁架、橱柜，厨房必备，搁架衬垫,4.41,家居厨房用品,厨房收纳,https://img.kwcdn.com/product/open/5f841ce1b0cd4891b464cd2e60f68d34-goods.jpeg,https://www.temu.com/search_result.html?search_key=607283794832628&search_method=user,917.csv,False,,False,0
306,0.6441393077644763,607214404265568,【定制】1件个性化戒指盒，定制六角形戒指盒，婚礼订婚戒指盒，几何戒指盒，戒指托盒，女士戒指托,14.68,家居厨房用品,家庭收纳,https://img.kwcdn.com/product/fancy/1a627a73-324b-496c-9d63-d68bd986ad81.jpg,https://www.temu.com/search_result.html?search_key=607214404265568&search_method=user,917.csv,False,,False,0
308,0.6428104733130048,606702766244596,随机图案2件装 透气面料悬挂网眼收纳袋 可爱动物图案 - 壁挂式可折叠 适用于内衣、袜子、手提包 节省空间设计 适用于洗衣房、房间装饰 - 居家整理的理想礼物,3.58,家居厨房用品,衣橱收纳,https://img.kwcdn.com/product/fancy/0137e9ba-8c3b-402a-ac7f-86fef667cc95.jpg,https://www.temu.com/search_result.html?search_key=606702766244596&search_method=user,917.csv,False,,False,0
310,0.6404021726071862,607016298850326,36只随机颜色食物密封夹，密封防潮超实用，能封零食袋、面包袋、谷物袋和保鲜袋，厨房保鲜好帮手，可重复使用，轻松锁住食物新鲜不串味,11.31,家居厨房用品,厨房收纳,https://img.kwcdn.com/product/fancy/4f001e23-80c2-435c-8f50-cbb31c6b7c4f.jpg,https://www.temu.com/search_result.html?search_key=607016298850326&search_method=user,917.csv,False,,False,0
312,0.6401435200115363,607097097971871,碳钢壁挂式收纳架，多功能纸巾架和香氛收纳置物架，实用家居用品，厨房和浴室适用,11.05,家居厨房用品,厨房收纳,https://img.kwcdn.com/product/open/10235460516b4dd8ab298ba9c6011953-goods.jpeg,https://www.temu.com/search_result.html?search_key=607097097971871&search_method=user,917.csv,False,,False,0
313,0.6390193672868699,601105554860999,1个复古萨克斯手柄钥匙架，墙面金属墙饰，带6个挂钩的钥匙收纳架，复古萨克斯手柄挂钩，铁艺工艺品，非常适合玄关、走廊、客厅装饰，手工工艺品，功能性装饰，圣诞节装饰,46.62,家居厨房用品,家庭收纳,https://img.kwcdn.com/product/fancy/93e9472f-a734-4bcb-b006-6d47f2855d4e.jpg,https://www.temu.com/search_result.html?search_key=601105554860999&search_method=user,917.csv,False,,True,0
314,0.6374753330882693,606545681216455,1个，“我爱首尔”洗衣篮，大容量可折叠洗衣篮，配有坚固提手，适用于卧室、浴室等场所,11.14,家居厨房用品,衣橱收纳,https://img.kwcdn.com/product/21137b24c6c/283409c3-ee9b-4987-a848-e0eed53b67eb_1000x1000.jpeg,https://www.temu.com/search_result.html?search_key=606545681216455&search_method=user,917.csv,False,,False,0
315,0.6372202783664839,607527399980419,淡粉色与黑色竖条纹洗衣篮，可与中性或多彩的房间主题相融合，为家中的公共或私人角落带来秩序感，置物架收纳篮,6.06,家居厨房用品,家庭收纳,https://img.kwcdn.com/product/open/44e13f3664d847cd838f5d243ddfeaae-goods.jpeg,https://www.temu.com/search_result.html?search_key=607527399980419&search_method=user,917.csv,False,,False,0
316,0.6368470634597303,607654101504168,4袋装共80个雪松球，随机颜色包装，用于衣柜和抽屉的雪松球，用于衣物收纳的红雪松球,3.75,家居厨房用品,衣橱收纳,https://img.kwcdn.com/product/fancy/7e4461d4-9f72-468c-b5ef-8bef16a43109.jpg,https://www.temu.com/search_result.html?search_key=607654101504168&search_method=user,917.csv,False,,False,12
317,0.6367534726443587,607153737805931,3/6/9个装塑料袋夹：多功能食品储物夹，颜色随机，密封夹，适用于各种塑料袋和零食袋，非常适合厨房整理和收纳,2.64,家居厨房用品,厨房收纳,https://img.kwcdn.com/product/fancy/8433c05c-eba3-4a60-9562-23e539f4caf5.jpg,https://www.temu.com/search_result.html?search_key=607153737805931&search_method=user,917.csv,False,,False,0
318,0.636752043716243,605747018599429,1个/32盎司/950毫升/不锈钢保温水瓶，宽口真空隔热瓶，户外旅行健身水壶，秋季假日礼物，叠层装饰葫芦造型搭配趣味文字，暖色调水彩背景，节日派对用品,18.1,家居厨房用品,厨房收纳,https://img.kwcdn.com/product/fancy/6a0e349f-b22b-4f22-81db-4e993f2b2493.jpg,https://www.temu.com/search_result.html?search_key=605747018599429&search_method=user,917.csv,False,,False,0
319,0.6316650612569709,607541627076932,时尚卡通动漫漂亮女孩图案轻奢不锈钢健身户外运动水壶，18.6盎司/可重复使用真空保温瓶，仅限手洗，多功能用途适用于旅行、健身房、咖啡，平底设计——适合学校、生日、节日礼物,11.76,家居厨房用品,厨房收纳,https://img.kwcdn.com/product/open/e4200807051a4df68c72cd4ff9382b83-goods.jpeg,https://www.temu.com/search_result.html?search_key=607541627076932&search_method=user,917.csv,False,,False,0
320,0.6316349415758485,605740844593387,时尚豹纹渐变金色闪粉玫红色双层不锈钢真空保温杯 17oz可乐瓶造型便携车载运动水壶 500ml户外健身旅行通勤咖啡杯 密封防漏大容量冷热两用随行杯 男女通用直饮杯 节日送礼时尚水杯,13.8,家居厨房用品,厨房收纳,https://img.kwcdn.com/product/open/99191e2784b34cc69aaf8b4292c6f679-goods.jpeg,https://www.temu.com/search_result.html?search_key=605740844593387&search_method=user,917.csv,False,,False,1
321,0.6307926297097923,607422173279788,1个“世界最伟大妈妈”洗衣篮，适用于公寓浴室、大学宿舍和新居——献给母亲的暖心致敬礼物，长方形脏衣篮，用于洗衣房整理、宿舍收纳、洗衣篮,6.19,家居厨房用品,衣橱收纳,https://img.kwcdn.com/product/open/7c676dc3b8434dc0a06c9b615acbcac1-goods.jpeg,https://www.temu.com/search_result.html?search_key=607422173279788&search_method=user,917.csv,False,,False,0
322,0.6303179922317903,606896039797048,免打孔悬挂编织收纳篮 北欧风厨房杂物整理筐 便携手持可展示（不带挂钩）,6.49,家居厨房用品,家庭收纳,https://img.kwcdn.com/product/fancy/03728464-1c1b-4c86-9a07-6e9c89a0ff48.jpg,https://www.temu.com/search_result.html?search_key=606896039797048&search_method=user,917.csv,False,,False,0
323,0.6296615483146615,606690955126453,6pcs定制款 3个尺寸 珠宝首饰收纳盒 自定您的品牌logo 高级奢华 适用于项链 耳环 戒指饰品礼物收纳盒,18.61,家居厨房用品,家庭收纳,https://img.kwcdn.com/product/fancy/b8788360-b0bb-4963-be9a-fc36f0298045.jpg,https://www.temu.com/search_result.html?search_key=606690955126453&search_method=user,917.csv,False,,False,0
324,0.6284136546478843,606742494691290,"Clear Stackable Storage Bins with Lids, Large Plastic Containers with Handle for Pantry Organizer and Storage, Perfect for Bathroom, Cabinet, Kitchen, Fridge, Closet Organization",19.37,家居厨房用品,厨房收纳,https://img.kwcdn.com/product/open/5a1a9010df91488ab12743af9ce32c1a-goods.jpeg,https://www.temu.com/search_result.html?search_key=606742494691290&search_method=user,917.csv,False,,False,0
325,0.6274446143809939,607596387887238,25枚装红色爱心木质晾衣夹——家居婚庆派对装饰用明信片夹，适用于DIY手工艺与横幅制作的照片纸夹,1.47,家居厨房用品,衣橱收纳,https://img.kwcdn.com/product/fancy/cdf6145c-e68c-4c60-b817-d9c464cc03b6.jpg,https://www.temu.com/search_result.html?search_key=607596387887238&search_method=user,917.csv,False,,False,0
326,0.6262627288003692,607422173303859,20个装挂式衣架，服装店用硅胶防滑条；透明塑料防滑垫，专为自粘安装设计，带服装夹,1.5,家居厨房用品,衣橱收纳,https://img.kwcdn.com/product/fancy/02c0df60-8597-4d04-994d-18f98516a8ae.jpg,https://www.temu.com/search_result.html?search_key=607422173303859&search_method=user,917.csv,False,,False,0
328,0.6240841419200311,606731623103885,5PCS组合套装（2PCS洗衣袋 + 3PCS收纳袋），适用于衣物分类洗涤、防止缠绕磨损及旅行收纳，网眼透水设计耐用透气，保护衣物延长使用寿命，适合家庭用户、学生及旅行人士使用起来简单方便,6.86,家居厨房用品,衣橱收纳,https://img.kwcdn.com/product/fancy/e9a6c328-a0e8-4b00-a2b7-6ec92b70a63c.jpg,https://www.temu.com/search_result.html?search_key=606731623103885&search_method=user,917.csv,False,,False,0
329,0.6234295378006987,606966906721966,"A Blue Floral Print Storage Basket, a Small Fresh-style Portable Hand-held Storage Basket for Desktops, Bedrooms, and Dorm Rooms, Shelf Baskets",11.19,家居厨房用品,家庭收纳,https://img.kwcdn.com/product/algo_framework/ImageCm2InAlgo/d135c144-a76c-11f1-8a5d-0a580aaf8d88.jpg,https://www.temu.com/search_result.html?search_key=606966906721966&search_method=user,917.csv,False,,False,0
331,0.6221946125017983,607305135396270,24个透明塑料收纳盒，带灰色扣环，桌面和抽屉整理盒 - 可堆叠小型整理箱，适用于工艺材料、珠子、糖果，桌面和抽屉整理器，适用于家庭收纳,14.11,家居厨房用品,家庭收纳,https://img.kwcdn.com/product/open/a725a428e1534a4dbe4d0f36ff5680d9-goods.jpeg,https://www.temu.com/search_result.html?search_key=607305135396270&search_method=user,917.csv,False,,False,1
333,0.6210858890551021,607387545096721,"Wall-mounted Pot Lid Organizer, 5-slot Metal Cabinet Door Pot Lid Rack, Space-saving Kitchenware Pot Lid Storage Rack",17.51,家居厨房用品,厨房收纳,https://img.kwcdn.com/product/fancy/210c6a94-4f4b-4ab6-9a2a-7f4175e8ac12.jpg,https://www.temu.com/search_result.html?search_key=607387545096721&search_method=user,917.csv,False,,False,0
334,0.6209521366705487,606605055743018,【JIT】 彩虹星空点彩风图案设计可折叠脏衣篓，圆形脏衣篓适用于浴室与卧室，储物篮可用于衣橱及家居杂货收纳,5.51,家居厨房用品,衣橱收纳,https://img.kwcdn.com/product/fancy/80519d65-e144-41c3-a4ab-a8661bb7a06a.jpg,https://www.temu.com/search_result.html?search_key=606605055743018&search_method=user,917.csv,False,,False,0
335,0.6208628113402422,606826649253762,"3pcs Strawberry Hooks, Fashionable Strawberry Hooks, Home Cloakroom Hanging Additions Keys Bathroom Kitchen Wall Small Hooks, Utility Hooks",1.57,家居厨房用品,家庭收纳,https://img.kwcdn.com/product/fancy/905d7dcb-4542-4b39-9327-3399773bcc1a.jpg,https://www.temu.com/search_result.html?search_key=606826649253762&search_method=user,917.csv,False,,False,0
