排名,预测分,商品ID,标题,美元价格,一级类目,二级类目,主图URL,商品链接,source,真实总销量
1,1.665235201601979,606918722589196,2件套蓝米色条纹抱枕套，方形靠垫套配隐形拉链，柔和海军蓝米白条纹，沙发床铺装饰软装,7.39,家居厨房用品,床上用品,https://img.kwcdn.com/product/fancy/6661bfa0-cc90-4725-9286-47add01861b4.jpg,https://www.temu.com/search_result.html?search_key=606918722589196&search_method=user,912.csv,18
2,1.6029349931933865,607148503344313,"4pcs酒红, 摩卡床笠套件, 简约时尚风格床品四件套, 化纤涤纶床品套件, Bedding set, 四季通用柔软亲肤家居用品, 1*Flat et+1*Fitted et+ 2*Pillowcases, Without Core",25.98,家居厨房用品,床上用品,https://img.kwcdn.com/product/open/8891490a1ad742eaa1215037709d5d2e-goods.jpeg,https://www.temu.com/search_result.html?search_key=607148503344313&search_method=user,909.xlsx,13
3,1.5107029029420436,601103948566404,2D桌旗1件，椰树形状渐变蓝色长方形桌旗，聚酯材质，适用于餐桌、咖啡桌、家庭派对装饰，厨房、派对、节日的鲜艳文化装饰,3.11,家居厨房用品,餐厨布艺,https://img.kwcdn.com/product/20150c22617/fa45f732-110a-4967-a62d-fdf578b38606_1024x1024.jpeg,https://www.temu.com/search_result.html?search_key=601103948566404&search_method=user,910.csv,1
4,1.506299231594659,601103950992577,2D桌旗1件，纽约城市布鲁克林大桥长方形桌旗，聚酯材质，适用于餐桌、咖啡桌、家庭派对装饰，厨房、派对、节日的鲜艳文化装饰,4.54,家居厨房用品,餐厨布艺,https://img.kwcdn.com/product/20150c22617/fbb05f44-17c4-4829-9ed3-8686c35411a9_1024x1024.jpeg,https://www.temu.com/search_result.html?search_key=601103950992577&search_method=user,910.csv,1
5,1.4544179371187393,601103943529892,2D桌旗1件，历史文化风景建筑画长方形桌旗，聚酯材质，适用于餐桌、咖啡桌、家庭派对装饰，厨房、派对、节日的鲜艳文化装饰,4.23,家居厨房用品,餐厨布艺,https://img.kwcdn.com/product/20150c22617/fe11fa7f-13f9-45eb-9d87-0850f21534f2_1024x1024.jpeg,https://www.temu.com/search_result.html?search_key=601103943529892&search_method=user,910.csv,1
6,1.4400744586093162,601103731381982,"1PC 粉色闪耀水晶梦幻城堡图案的床笠，独立的一件深口袋床笠、全包围床单、QUEEN,KING,SINGLE适合卧室、双人加大，床上用品，四季通用、装饰 可机洗聚酯纤维床笠 圣诞节、情人节、万圣节等节日礼物的理想选择",22.14,家居厨房用品,床上用品,https://img.kwcdn.com/product/open/6339cb69bc234216a80a04c4f9e457b5-goods.jpeg,https://www.temu.com/search_result.html?search_key=601103731381982&search_method=user,909.xlsx,33
7,1.4268467428297888,606689747134526,2D Flat桌旗1件，竹编材料表面细节纹理涤纶桌旗，长方形桌布，适用于餐桌，咖啡桌，厨房，聚餐，家庭派对装饰，节日装饰桌布,3.3,家居厨房用品,餐厨布艺,https://img.kwcdn.com/product/21f0664ce0/57acec53-15a5-4fca-a153-9d49c0bd0689_1024x1024.jpeg,https://www.temu.com/search_result.html?search_key=606689747134526&search_method=user,909.xlsx,6
8,1.3917225474652162,606773901659788,1 pc互动荡秋千松鼠静电窗贴，免胶可移除不留残胶，秋日枫叶橡果松果秋收主题玻璃窗贴，客厅橱窗秋季氛围感装饰贴纸,2.11,家居厨房用品,窗饰及配件,https://img.kwcdn.com/product/open/ef065a18b0fd4763983c1a4334fcccf6-goods.jpeg,https://www.temu.com/search_result.html?search_key=606773901659788&search_method=user,910.csv,5
9,1.36946349660973,607072938733848,"1件2D平面图案,圣诞窗贴玻璃静电贴纸，窗贴，玻璃贴画，窗户贴花圣诞水豚红杯松果装饰静电膜适用于卧室厨房浴室阳台窗户圣诞家居装饰，个面打印，可重复使用，可移除的PVC节日防水贴纸，完美的万圣，圣诞节派个装饰贴纸-玻璃贴膜",1.38,家居厨房用品,窗饰及配件,https://img.kwcdn.com/product/open/d3719f081fed4d70b2bf173621202ce2-goods.jpeg,https://www.temu.com/search_result.html?search_key=607072938733848&search_method=user,910.csv,3
10,1.3681784833276796,606598613330461,海棠花玻璃贴膜 3D立体浮雕质感 磨砂隐私保护 防紫外线遮阳隔热 免胶自粘 静电吸附 玻璃移门翻新贴 欧式复古花纹 房间装饰 客厅阳台卧室通用 柔化刺眼太阳光 玻璃装饰贴纸 防晒降温 保护家具防晒老化 易安装可重复使用,4.88,家居厨房用品,窗饰及配件,https://img.kwcdn.com/product/fancy/542b91db-9cb1-4de3-80af-d4122e02b8b8.jpg,https://www.temu.com/search_result.html?search_key=606598613330461&search_method=user,912.csv,0
11,1.3452089450551208,606233759177192,2件/3件装 豚鼠床上用品 适用床笠床单 深蓝色主题 含可爱豚鼠、星星、萤火虫及“梦想/愿望”文字 床笠+半枕套 可机洗床罩 用于房间装饰 2D平面印花,16.11,家居厨房用品,床上用品,https://img.kwcdn.com/product/21137b24104/064a003d-e12f-4ca3-9678-6ebff95ded42_1500x1500.jpeg,https://www.temu.com/search_result.html?search_key=606233759177192&search_method=user,911.csv,1
12,1.3412434872424135,601103949616567,2D桌旗1件，犹太节日庆祝传统装饰长方形桌旗，聚酯材质，适用于餐桌、咖啡桌、家庭派对装饰，厨房、派对、节日的鲜艳文化装饰,4.17,家居厨房用品,餐厨布艺,https://img.kwcdn.com/product/20150c22617/8031c523-d3b0-4634-b404-1eca8833017b_1024x1024.jpeg,https://www.temu.com/search_result.html?search_key=601103949616567&search_method=user,910.csv,4
13,1.3410596676933775,606716456457060,1件纯色加厚保暖内衬床笠，卧室立体镂空内衬床罩，床垫套，床垫垫层，床笠式床垫保护罩，床上用品（不含枕套）,13.04,家居厨房用品,床上用品,https://img.kwcdn.com/product/fancy/0d7bfecc-8c32-4dd9-8a9c-777037c08837.jpg,https://www.temu.com/search_result.html?search_key=606716456457060&search_method=user,913.csv,8
14,1.321079478081329,607338689864385,2pcs/家用多功能塑料收纳盒 带把手带盖储物盒厨房衣柜桌面杂物分类整理箱,9.49,家居厨房用品,家庭收纳,https://img.kwcdn.com/product/fancy/184e52d1-bdff-41d0-98e8-f5bcc7b9e562.jpg,https://www.temu.com/search_result.html?search_key=607338689864385&search_method=user,910.csv,1
15,1.3169818817220422,607197492795215,Random Colors-3D打印斗鱼雕像，泰国斗鱼雕塑，桌面摆件，独特的鱼类爱好者礼物，节日装饰品,3.15,家居厨房用品,家居装饰,https://img.kwcdn.com/product/fancy/b45d355f-45cc-4f13-94d9-b17fe484345e.jpg,https://www.temu.com/search_result.html?search_key=607197492795215&search_method=user,909.xlsx,1
16,1.3098758500679217,606716993354484,Latacaca 3件套 100% 涤纶 超柔软 魔术绒 Sherpa 被套 魔术绒表面 Sherpa 反面 加厚个面被 纯色绗缝涤纶 奢华冬季床上用品 包括 1件被子 和 2个枕套,59.91,家居厨房用品,床上用品,https://img.kwcdn.com/product/open/01a15d95d8374c48986656bade2c2d51-goods.jpeg,https://www.temu.com/search_result.html?search_key=606716993354484&search_method=user,912.csv,0
17,1.303291423609465,607315201733546,2pcs 8盎司不锈钢酒壶+漏斗 全喷哑黑漆便携随身酒壶 户外野营露营徒步钓鱼防漏小酒壶 男士威士忌白酒扁酒壶1酒壶+1漏斗,9.04,家居厨房用品,餐厅用品,https://img.kwcdn.com/product/fancy/52f85f06-f96b-4a2a-8811-a1e5030ca216.jpg,https://www.temu.com/search_result.html?search_key=607315201733546&search_method=user,911.csv,0
18,1.3027357362320813,607600145999250,婴儿小衣架防滑衣架小巧便携易收纳衣架,7.82,家居厨房用品,衣橱收纳,https://img.kwcdn.com/product/fancy/c3263195-a093-4b3a-b5ef-1fe23327e06a.jpg,https://www.temu.com/search_result.html?search_key=607600145999250&search_method=user,910.csv,5
19,1.2942335082511616,605856959715649,105件套气球拱门套装 蓝金白配色 冬日仙境主题 含北极熊、企鹅与麋鹿印花 适用于生日婚礼派对装饰,14.07,家居厨房用品,节日聚会用品,https://img.kwcdn.com/product/open/711de9cf9eff47cd8312fc721a3e753d-goods.jpeg,https://www.temu.com/search_result.html?search_key=605856959715649&search_method=user,911.csv,3
20,1.2791757343907717,607129444424628,7pcs不锈钢防风晾衣夹，家用被褥夹室内外两用，适用于沙滩、洗衣房、被褥毛巾及衣物晾晒,3.0,家居厨房用品,衣橱收纳,https://img.kwcdn.com/product/fancy/f634ec78-73b2-4d0d-8689-36de857085e1.jpg,https://www.temu.com/search_result.html?search_key=607129444424628&search_method=user,911.csv,0
21,1.2741348462040638,606372624193568,2027款重型优质双面不锈钢切菜板，砧板带折边，不锈钢熟食板，家用厨房揉面板，厨房用品，擀面板，多功能案板，厨房必备,18.94,家居厨房用品,厨房用品,https://img.kwcdn.com/product/open/a8ca0d82a3aa48fbb3b0e00210ae1791-goods.jpeg,https://www.temu.com/search_result.html?search_key=606372624193568&search_method=user,911.csv,9
22,1.2700773273061625,605748964734905,"3件套床垫防护套,1件床笠+2个枕套（无填充物）,粉色蝴蝶主题,梦幻风格,情人节,四季可用,可机洗,家居、宿舍、主卧、客房均可",15.14,家居厨房用品,床上用品,https://img.kwcdn.com/product/open/d4f1bd7af10343e5a6b85ee7aa5a3902-goods.jpeg,https://www.temu.com/search_result.html?search_key=605748964734905&search_method=user,909.xlsx,5
23,1.2594126917172497,606836178663654,网红不规则艺术镜，无框自粘轻装上墙，浴室门厅梳妆台多功能穿衣镜，颜值实用两不误,22.0,家居厨房用品,家居装饰,https://img.kwcdn.com/product/open/a98efa46e17d4122a4ba33e57b7d761f-goods.jpeg,https://www.temu.com/search_result.html?search_key=606836178663654&search_method=user,913.csv,29
24,1.2396907616995745,606085851221289,19只灰蓝色乳胶气球，含10英寸蓝白透明气球、浅蓝马卡龙蓝哑光白气球及透明气球，适用于灰蓝主题生日派对装饰、周年庆派对及室内外家庭聚会装饰,2.73,家居厨房用品,节日聚会用品,https://img.kwcdn.com/product/open/2fa51778d81f43079567ee31839507ba-goods.jpeg,https://www.temu.com/search_result.html?search_key=606085851221289&search_method=user,911.csv,5
25,1.2203137413047325,606818998821061,1 pc探头偷看小狐狸静电窗贴，免胶可移除不留残胶，秋日枫叶森林动物玻璃窗贴，客厅橱窗秋季氛围感装饰贴纸,1.2,家居厨房用品,窗饰及配件,https://img.kwcdn.com/product/fancy/4544afdf-e947-4f7d-9f57-17982e97f74c.jpg,https://www.temu.com/search_result.html?search_key=606818998821061&search_method=user,910.csv,3
26,1.2150857808756332,606045854364694,"3件套床垫防护套,1件床笠+2个枕套（无填充物）2D Flat Priting,热带海滩风景,写实风格,海滩节,四季皆宜,可机洗,居家、宿舍、主卧、客房可用",15.09,家居厨房用品,床上用品,https://img.kwcdn.com/product/open/f03b10a6004b40faa8ee94f765595400-goods.jpeg,https://www.temu.com/search_result.html?search_key=606045854364694&search_method=user,909.xlsx,15
27,1.214466584673837,606683036225185,"【】2D flat1件，小汽车色彩丰富行驶赛道聚酯材质长方形桌旗，适用于生日派对、婚礼桌饰、餐桌装饰、派对用品、节日用品及节日装饰, 装饰用品，派对装饰",4.13,家居厨房用品,餐厨布艺,https://img.kwcdn.com/product/217a7c0bf4/f99144af-22cf-411e-815b-3ed14d4e74be_1024x1024.jpeg,https://www.temu.com/search_result.html?search_key=606683036225185&search_method=user,909.xlsx,18
28,1.206747535030907,607369962560877,"24 Maillard Style Coffee-Colored White Balloon Combinations, Paired with Metallic Golden Balloons, Suitable for Weddings, Birthdays, Bohemian Style, Thanksgiving, Autumn, Graduation Season, Anniversaries, Celebrations, Family Gatherings, Picnics",2.07,家居厨房用品,节日聚会用品,https://img.kwcdn.com/product/fancy/558a08eb-bcb7-49f1-8f07-5a4ae881cafb.jpg,https://www.temu.com/search_result.html?search_key=607369962560877&search_method=user,910.csv,1800
29,1.2065738217858708,605797283140740,"29pcs Metallic Golden And for white Balloons Set, 12/10Inch for white And Golden Balloons, with Metallic Golden Confetti Balloon, for White Golden Themed Birthday Party, Anniversary, Graduation Party, Wedding, Engagement",5.54,家居厨房用品,节日聚会用品,https://img.kwcdn.com/product/open/e46b272052be4793ab2d611adb7bd4ec-goods.jpeg,https://www.temu.com/search_result.html?search_key=605797283140740&search_method=user,909.xlsx,33
30,1.2060900527799343,607011198621594,"2D Flat 1pc Halloween Birthday Haunted House Sofa Cover, Furniture Protector for Bedroom Office Living Room Home Decor",18.75,家居厨房用品,沙发装饰,https://img.kwcdn.com/product/21f06642e0/77c4b5e8-05f1-4459-94d9-8b06ec127657_1000x1000.jpeg,https://www.temu.com/search_result.html?search_key=607011198621594&search_method=user,913.csv,0
31,1.204311391629167,607456533050776,2 件装木珠编织窗帘绑球 波西米亚风绳扣 家用窗户装饰窗帘绑带,2.18,家居厨房用品,窗饰及配件,https://img.kwcdn.com/product/fancy/4c668cea-d889-4f7d-be2f-c92173f07f13.jpg,https://www.temu.com/search_result.html?search_key=607456533050776&search_method=user,911.csv,0
32,1.2037284470708156,601103943640938,2D桌旗1件，农场动物生活场景长方形桌旗，聚酯材质，适用于餐桌、咖啡桌、家庭派对装饰，厨房、派对、节日的鲜艳文化装饰,2.6,家居厨房用品,餐厨布艺,https://img.kwcdn.com/product/20150c22617/d415bdfc-189e-4eb0-a196-f1e203fd7831_1024x1024.jpeg,https://www.temu.com/search_result.html?search_key=601103943640938&search_method=user,910.csv,1
33,1.203185759328756,601103947477516,2D桌旗1件，恐龙与植物卡通设计长方形桌旗，聚酯材质，适用于餐桌、咖啡桌、家庭派对装饰，厨房、派对、节日的鲜艳文化装饰,2.6,家居厨房用品,餐厨布艺,https://img.kwcdn.com/product/20150c22617/0b8ea0c3-de91-4db3-ac0f-959a92457c65_1024x1024.jpeg,https://www.temu.com/search_result.html?search_key=601103947477516&search_method=user,910.csv,2
34,1.18940721551158,607106358963828,1件- 1960年制造 复古思想 现代心灵 -2D圆形金属耐用冰箱贴，采用高品质印刷技术，适用于冰箱、写字板、橱柜及储物柜的装饰。,1.38,家居厨房用品,厨房用品,https://img.kwcdn.com/product/open/7859f6f7c0e040bfb9dc7b7b11e8998a-goods.jpeg,https://www.temu.com/search_result.html?search_key=607106358963828&search_method=user,911.csv,2
35,1.188585173176039,605647160596391,桌旗 2D平面印花 1件装，番茄藤蔓图案印花桌旗，长方形餐桌装饰，适用于厨房、家庭聚会、节日聚会装饰，2D平面,1.44,家居厨房用品,餐厨布艺,https://img.kwcdn.com/product/open/f61e8f0f9f0c47438ab3d662803b8c1f-goods.jpeg,https://www.temu.com/search_result.html?search_key=605647160596391&search_method=user,913.csv,1
36,1.1837199313211988,606525498224109,2件或3件套2D平面印花床笠，采用浪漫的童话风设计，主题是迷人的花园。床上用品采用柔和的粉色和蓝色，饰有樱花和童话蝴蝶的印花,19.41,家居厨房用品,床上用品,https://img.kwcdn.com/product/211a2a42ec2/8682d2fe-1e7b-4c4d-9d55-fb20f6764104_1500x1500.jpeg,https://www.temu.com/search_result.html?search_key=606525498224109&search_method=user,912.csv,6
37,1.1811909207394922,607169038671450,三层窄间隙储物推车，浴室和厨房用滑动置物架，5.91英寸超窄塑料移动收纳架，小空间卫生间储物架，冰箱缝隙调味品和零食收纳架，落地置物架,14.68,家居厨房用品,家庭收纳,https://img.kwcdn.com/product/fancy/1be6fa47-fbaa-45e9-96db-65cf286bc9c2.jpg,https://www.temu.com/search_result.html?search_key=607169038671450&search_method=user,910.csv,0
38,1.173261545447193,606732025697563,2PCS 大型洗衣收纳袋，可折叠储物箱，带个拉链和手柄，适用于搬家、旅行、床下收纳，以及存放毯子和床上用品,6.95,家居厨房用品,衣橱收纳,https://img.kwcdn.com/product/open/ce55a84abadd470d838501236dcbeac9-goods.jpeg,https://www.temu.com/search_result.html?search_key=606732025697563&search_method=user,911.csv,7
39,1.1644403330891022,605679104417538,41pcs，趣味足球主题一次性派对餐具套装，运动风主题含8个9英寸纸盘+8个纸杯+25张纸巾，适配足球主题派对、生日派对、迎婴派对，观赛聚会、节日庆典、餐桌装饰，适合8人聚会使用。,5.6,家居厨房用品,节日聚会用品,https://img.kwcdn.com/product/open/a3b7cbff881f4df7bab52933ed2b26c0-goods.jpeg,https://www.temu.com/search_result.html?search_key=605679104417538&search_method=user,912.csv,5
40,1.162223375364223,607454653948283,高级感大理石纹防水自粘乙烯基墙纸壁画，非常适合浴室、厨房和客厅墙壁翻新、橱柜和家具改造，防水耐用，无需胶水即可轻松安装，家居装饰,7.78,家居厨房用品,墙面装饰,https://img.kwcdn.com/product/fancy/6d821b4b-026e-49ee-a4f3-6cb0a631742f.jpg,https://www.temu.com/search_result.html?search_key=607454653948283&search_method=user,912.csv,0
41,1.1596157002610448,606707061248340,4层X设计鞋架，稳定安全，门厅收纳鞋架，宿舍租房必备,5.08,家居厨房用品,衣橱收纳,https://img.kwcdn.com/product/fancy/9feba548-51d3-49a5-adf9-9e1b96cd0845.jpg,https://www.temu.com/search_result.html?search_key=606707061248340&search_method=user,913.csv,0
42,1.1581415881486872,607304732761811,一件超声波压花防水床垫套，四角绑带设计，柔软舒适四个季节可以使用。适用于单人床、双人床、加大床（不含枕套）,13.11,家居厨房用品,床上用品,https://img.kwcdn.com/product/fancy/5017adab-4e60-4793-8207-76a2f2520b17.jpg,https://www.temu.com/search_result.html?search_key=607304732761811&search_method=user,910.csv,152
43,1.1562686033890868,607513038664941,"109pcs VOCH Balloons Garland Arch Kit with Arch Frame Suitable for Haunted House, Day of the Dead, Christmas Decorations - 5in 10in 12in 45.72cm Balloon Arch for Parties, Weddings, Birthdays, Photo Backdrops (Black, Purple, Green, White)",9.27,家居厨房用品,节日聚会用品,https://img.kwcdn.com/product/open/8fe85261c4fb46a4a4b15359a19a795c-goods.jpeg,https://www.temu.com/search_result.html?search_key=607513038664941&search_method=user,912.csv,0
44,1.1555643955932098,601103952732434,2D桌旗1件，高尔夫运动生日庆祝长方形桌旗，聚酯材质，适用于餐桌、咖啡桌、家庭派对装饰，厨房、派对、节日的鲜艳文化装饰,4.32,家居厨房用品,餐厨布艺,https://img.kwcdn.com/product/20150c22617/6e2f49e0-77aa-4aa8-907c-6ed7e056125a_1024x1024.jpeg,https://www.temu.com/search_result.html?search_key=601103952732434&search_method=user,910.csv,8
45,1.15527144136636,607132262968104,2D平面 秋季感恩节餐桌摆件稻草人南瓜秋日氛围感木质纸巾收纳架，适用于感恩节、秋收主题聚会，氛围感装饰摆件，充满丰收气息的秋日节日氛围,1.51,家居厨房用品,餐厅用品,https://img.kwcdn.com/product/open/b6cad02c92ff49e7b4ab39fc1434cb54-goods.jpeg,https://www.temu.com/search_result.html?search_key=607132262968104&search_method=user,910.csv,3
46,1.1550076726851295,607550217013777,"2D Flat, 2D Flat, 1pc Vintage Gradient Background Cloth, Suitable for Photo Booth, Birthday Party, Wedding - Beige to Brownish-Red Gradient with Black Accents, Durable Fabric Backdrop, Versatile for Portrait Photography, Event Decoration",2.27,家居厨房用品,节日聚会用品,https://img.kwcdn.com/product/open/f8ebb4ff473b45a78c30e664740ac458-goods.jpeg,https://www.temu.com/search_result.html?search_key=607550217013777&search_method=user,912.csv,4
47,1.1548061775013891,606795242273245,雏菊靠垫 毛绒花卉坐垫 舒适阅读装饰 美学家居用品 & 节日装饰,6.38,家居厨房用品,床上用品,https://img.kwcdn.com/product/open/99222a7be786428d8aeb7bdae5f60a88-goods.jpeg,https://www.temu.com/search_result.html?search_key=606795242273245&search_method=user,911.csv,18
48,1.1546711063330002,607356071046720,桌旗 2D平面印花 1件装 优雅飘逸叶脉印花桌旗 适用于厨房餐厅家居装饰 室内外日常使用 2D平面,2.19,家居厨房用品,餐厨布艺,https://img.kwcdn.com/product/open/ac46bb14d70e42c990af8fad9cda6e27-goods.jpeg,https://www.temu.com/search_result.html?search_key=607356071046720&search_method=user,912.csv,5
49,1.1541087844057987,607550216973789,【暖格】1pcs 经典厚毛绒提花沙发套-，柔软毛绒面料，宠物友好，适用于1-4人位沙发，易清洁可机洗，完美适合客厅、办公室、卧室、户外家居装饰。,26.82,家居厨房用品,沙发装饰,https://img.kwcdn.com/product/fancy/9cefb8fc-dd92-423b-8994-0cebce44224d.jpg,https://www.temu.com/search_result.html?search_key=607550216973789&search_method=user,911.csv,0
50,1.1517795554414347,606318047920795,10片装复古绿米色2D平面乙烯基地板贴纸 - 简约几何图案，轻松粘贴，适用于厨房、浴室、阳台、客厅、卧室装饰，浴室地面装饰 | 几何图案 | 易安装地面装饰，2D平面,27.4,家居厨房用品,家居装饰,https://img.kwcdn.com/product/fmket/f4ff8451507f68ee2af00796f0121e26.jpg,https://www.temu.com/search_result.html?search_key=606318047920795&search_method=user,912.csv,11
51,1.1504758555768495,607127162704642,1/2件恐龙主题三明治切割器 DIY面包&吐司模具，适用于学校午餐盒装饰，食品安全塑料,2.19,家居厨房用品,厨房用品,https://img.kwcdn.com/product/fancy/1e683468-b4ef-4457-8f39-8d4064368ddb.jpg,https://www.temu.com/search_result.html?search_key=607127162704642&search_method=user,913.csv,7
52,1.1469817593175986,607238496347974,"1pc of Soft, Comfortable, and Skin-friendly Blanket, High-grammage Wide-stripe Blanket, Multi-functional Thermal Blanket for Autumn and Winter, Machine Washable, Suitable for Sofa, Bed, and Office",11.33,家居厨房用品,毯子,https://img.kwcdn.com/product/fancy/200cda1d-b676-4895-97a2-94fb28f3886c.jpg,https://www.temu.com/search_result.html?search_key=607238496347974&search_method=user,911.csv,0
53,1.1421264106029332,607300035138275,1 pc秋日悬挂枝条苹果南瓜静电窗贴，免胶可移除不留残胶，枫叶松果浆果秋收主题玻璃窗贴，客厅橱窗秋季氛围感装饰贴纸,1.8,家居厨房用品,窗饰及配件,https://img.kwcdn.com/product/open/19957d7105ad4770aced2e6ab4089cd3-goods.jpeg,https://www.temu.com/search_result.html?search_key=607300035138275&search_method=user,910.csv,9
54,1.1420864959342676,607043612198427,5个站立式海洋动物主题螃蟹海马乌龟海豚 81.28 cm 蓝色数字铝箔气球套装，适用于生日派个、海洋主题、氛围装饰,3.65,家居厨房用品,节日聚会用品,https://img.kwcdn.com/product/fancy/eded8fd8-0c75-46c0-bcd0-fdf63b53a6ba.jpg,https://www.temu.com/search_result.html?search_key=607043612198427&search_method=user,912.csv,84
55,1.1415647576243637,607035022242287,"2D Flat 桌旗1件，大象元素红色背景设计简约现代桌旗，涤纶材质，适合餐桌布置、家庭聚会、生日庆祝活动和家居装饰,家庭厨房餐厅装饰,户外野餐装饰",3.94,家居厨房用品,餐厨布艺,https://img.kwcdn.com/product/217a7c58da/795c7d9e-2284-448f-b14c-cdd5f334c52f_1024x1024.jpeg,https://www.temu.com/search_result.html?search_key=607035022242287&search_method=user,913.csv,24
56,1.1397517142065796,607235610671464,星星数字气球套装，渐变星星数字气球0-9生日快乐圆球，渐变星星气球，非常适合用于生日装饰。“生日快乐”主题气球，采用优质铝箔材质制成，适用于各种生日派对的装饰和布置。,7.57,家居厨房用品,节日聚会用品,https://img.kwcdn.com/product/fancy/f1ac583f-e37a-4e11-8d84-57850c92aa17.jpg,https://www.temu.com/search_result.html?search_key=607235610671464&search_method=user,912.csv,0
57,1.1386070476219916,607230241951833,1pc 窗贴 自粘玻璃贴纸，家居装饰墙贴， 秋日丰收南瓜花卉图 静电吸附，无需粘胶，家居花园玻璃贴纸，派对装饰，房车窗贴，马桶贴纸，瓷砖贴纸，适用于室内外,1.28,家居厨房用品,窗饰及配件,https://img.kwcdn.com/product/fancy/13956296-b75e-46f4-bf1d-32b3964e481f.jpg,https://www.temu.com/search_result.html?search_key=607230241951833&search_method=user,911.csv,5
58,1.1384141374227208,606806113943059,39件森系绿色气球套装，深绿色、牛油果色、金色气球，适合森林风格复古、生日、婚礼、新娘送礼会、周年纪念、订婚，户外野餐，圣帕特里克节，复活节，毕业典礼,2.93,家居厨房用品,节日聚会用品,https://img.kwcdn.com/product/fancy/748107e8-4802-4db4-85e5-c2a0202202ab.jpg,https://www.temu.com/search_result.html?search_key=606806113943059&search_method=user,912.csv,0
59,1.1368717215294464,605960223472230,2D flat banner，1PCA TRENT TWINS 有趣健身个子旗 | 爱国美式国旗设计，特色肌肉运动员，采用厚磅聚酯纤维制成，配有4个挂钩，易于悬挂，非常适合户外花园、草坪和露台,3.76,家居厨房用品,节日聚会用品,https://img.kwcdn.com/product/fancy/d8d87886-80d1-4450-bf9e-296432d0cbd2.jpg,https://www.temu.com/search_result.html?search_key=605960223472230&search_method=user,912.csv,3
60,1.136860087126358,607122465125666,1件新品沙发套，高品质人字纹宠物防抓耐磨沙发笠，高弹力通用沙发罩，可机洗四季通用客厅沙发保护套,5.65,家居厨房用品,沙发装饰,https://img.kwcdn.com/product/fancy/ccea0a20-afaa-4713-b353-c52abfbf57f5.jpg,https://www.temu.com/search_result.html?search_key=607122465125666&search_method=user,913.csv,11
61,1.1365295656279788,601105717177441,2pcs虎纹图案短绒抱枕套，适用于家居和卧室装饰，无枕芯,10.77,家居厨房用品,沙发装饰,https://img.kwcdn.com/product/open/7ab08c73c2b44bfda9855c7bf4082618-goods.jpeg,https://www.temu.com/search_result.html?search_key=601105717177441&search_method=user,911.csv,13
62,1.1314624023984774,605579783326487,1pc颈托防低头脖子前倾矫正器家用牵引神器固定支撑颈椎护颈脖套,4.63,家居厨房用品,床上用品,https://img.kwcdn.com/product/fancy/a59e1e00-3f31-49c0-86c6-28cd6d4c2958.jpg,https://www.temu.com/search_result.html?search_key=605579783326487&search_method=user,910.csv,3
63,1.1310005010128894,606791081494574,2D平面款，1件装桌旗 - 圣诞鹿与装饰品印花桌旗，适用于派对、秋季农舍节日装饰、复古餐桌装饰，适合新娘送礼会与生日宴会，2D平面款,2.39,家居厨房用品,餐厨布艺,https://img.kwcdn.com/product/21f0661a40/f29ce2a3-5370-428a-9113-775a27baa7a3_1000x1000.jpeg,https://www.temu.com/search_result.html?search_key=606791081494574&search_method=user,912.csv,1
64,1.1290380744399475,607415596593564,"【】Kashi ,纯色简约印花手提购物袋,日常出行百搭手提包,文艺百搭购物包,大容量便携袋",5.42,家居厨房用品,厨房收纳,https://img.kwcdn.com/product/open/c3d4dd56def44b50bc120077c632d2e0-goods.jpeg,https://www.temu.com/search_result.html?search_key=607415596593564&search_method=user,911.csv,0
65,1.1286512010043537,607396135039909,2D平面 - 松鼠印花木质标牌 ，波西米亚风格，墙壁悬挂，非常适合门廊、花园、酒吧或咖啡馆装饰,1.17,家居厨房用品,家居装饰,https://img.kwcdn.com/product/open/c8a12e91493e43eb9a3dee5763bc0943-goods.jpeg,https://www.temu.com/search_result.html?search_key=607396135039909&search_method=user,911.csv,1
66,1.1267704333551554,605966330387517,"1pc,Abstract Colorful Geometry Large Capacity Foldable Shopping BagReusable, Suitable for Storage, It Is the Perfect Choice for Essential Items in the School Season",3.79,家居厨房用品,厨房收纳,https://img.kwcdn.com/product/2123a66998/733543c9-da7b-4886-b520-06270c7d0f8e_1000x1000.jpeg,https://www.temu.com/search_result.html?search_key=605966330387517&search_method=user,911.csv,17
67,1.125032485546968,607410295011966,1件装夜光圣诞树墙贴（含北极熊图案），自粘可移除圣诞装饰贴纸，适用于儿童房、卧室及节日派对装饰,1.35,家居厨房用品,家居装饰,https://img.kwcdn.com/product/open/9f399f5e04d64937be1116d064a1e58f-goods.jpeg,https://www.temu.com/search_result.html?search_key=607410295011966&search_method=user,910.csv,1
68,1.1243054626322013,607520823324040,1/2/3pcs 音乐专辑定制海报 定制音乐播放器艺术印刷品 个性化音乐礼物 定制你喜欢的专辑和艺术家 无框帆布印刷 适用于房间装饰 卧室 公寓 家居装饰 生日纪念礼物,2.35,家居厨房用品,墙面装饰,https://img.kwcdn.com/product/open/0e1b01e0c4de44219de9b0feeeac1589-goods.jpeg,https://www.temu.com/search_result.html?search_key=607520823324040&search_method=user,909.xlsx,16
69,1.1221294064233782,607348554874120,2D万圣节风格厨房装饰，多功能烤箱防护帘，秋日森林三女巫图案，配白色荷叶边和缎带束口顶饰，适用于家庭厨房炉灶罩及围裙,8.74,家居厨房用品,窗饰及配件,https://img.kwcdn.com/product/open/d8b50237fc8e46a881e4e1965b3286dc-goods.jpeg,https://www.temu.com/search_result.html?search_key=607348554874120&search_method=user,913.csv,4
70,1.1158385117353282,606733099474834,6件2寸黑色 4D 镜面铝膜气球套装 带长款流苏飘带 生日派个聚会场景布置装饰用品,4.16,家居厨房用品,节日聚会用品,https://img.kwcdn.com/product/open/0ff25e1cf5df4103a862ab8149171e13-goods.jpeg,https://www.temu.com/search_result.html?search_key=606733099474834&search_method=user,912.csv,0
71,1.1119682035796141,606625456829271,4件套波西米亚风婚礼桌饰桌旗，适用于婚礼、生日、迎婴派对等场合的波西米亚风桌饰桌布,9.79,家居厨房用品,餐厨布艺,https://img.kwcdn.com/product/fancy/1a1b3052-3d30-4f8d-9bcc-922f010e48ff.jpg,https://www.temu.com/search_result.html?search_key=606625456829271&search_method=user,911.csv,0
72,1.1111849554045503,606005068951718,3件套纹身复古波西米亚风床笠套装（1件床笠+2个枕套，无芯），万圣节设计，鲜艳图案床上用品系列，柔软透气床垫保护罩,20.01,家居厨房用品,床上用品,https://img.kwcdn.com/product/open/d5480c916a884100b613e45d9d84a5df-goods.jpeg,https://www.temu.com/search_result.html?search_key=606005068951718&search_method=user,912.csv,2
73,1.1077075802051608,601105668499679,2D平面 - 2D平面 - 2D平面 - 2D平面 - 2D平面横幅，特色是复活节兔子和寻蛋背景 - 8X6英尺涤纶面料墙布，带有一个可爱的兔子拿着胡萝卜，非常适合装饰客厅、卧室、办公室,11.1,家居厨房用品,节日聚会用品,https://img.kwcdn.com/product/open/2f7a3711927f4b7b9ba169c8a8c44880-goods.jpeg,https://www.temu.com/search_result.html?search_key=601105668499679&search_method=user,911.csv,0
74,1.1019494919368102,607439487371537,2/3件套 2D平面印花床笠，可爱动物风格，野外探险主题床上用品，蓝米配色，卡通狮子长颈鹿斑马犀牛印花，婴儿房卧室装饰（含1个床笠+1/2个枕套，不含枕芯），2D平面印花,15.86,家居厨房用品,床上用品,https://img.kwcdn.com/product/21f0662f80/b71b6f8f-6ce5-4ada-8a40-c433238e4127_1500x1500.jpeg,https://www.temu.com/search_result.html?search_key=607439487371537&search_method=user,911.csv,1
75,1.1002609325497146,606842621124993,"1pc秋日南瓜枫叶主题舒适爱心法兰绒毯 - 柔软, 轻盈且保暖, 适合所有季节 - 完美适用于床上, 沙发, 办公室, 露营和旅行 - 多功能礼物创意, 床毯, 沙发毯, 情侣毯,",9.52,家居厨房用品,毯子,https://img.kwcdn.com/product/open/57acb086c004432fa77f99ab3ee08b09-goods.jpeg,https://www.temu.com/search_result.html?search_key=606842621124993&search_method=user,910.csv,2
76,1.100215563429333,607514917703960,24件豹纹装饰套装，豹纹心形气球，金色黑色，豹纹三角横幅，18英寸猎豹图案，铝箔气球，动物印花装饰，适用于生日、婚礼、新娘送礼会、订婚、单身派对、周年纪念、情人节等场合。,5.7,家居厨房用品,节日聚会用品,https://img.kwcdn.com/product/fancy/8e85ad01-92df-4e2f-874e-e604b60d852a.jpg,https://www.temu.com/search_result.html?search_key=607514917703960&search_method=user,912.csv,2
77,1.0998938202157953,601103942982061,2D桌旗1件，丹麦风情设计元素长方形桌旗，聚酯材质，适用于餐桌、咖啡桌、家庭派对装饰，厨房、派对、节日的鲜艳文化装饰,3.16,家居厨房用品,餐厨布艺,https://img.kwcdn.com/product/20150c22617/1a9f46b5-b9b3-41c4-ab3b-572c6c3ccffb_1024x1024.jpeg,https://www.temu.com/search_result.html?search_key=601103942982061&search_method=user,910.csv,4
78,1.0993538781883454,607019520101199,【麻花芝华士】1件波西米亚风格麻花辫图案设计毛绒单人单座防滑沙发套 ，松紧带固定防滑，毛绒加厚秋冬保暖舒适，可清洗的扶手椅保护套，适用于客厅、卧室、办公室 - 现代与传统家居装饰 - 兼容单人沙发,18.28,家居厨房用品,沙发装饰,https://img.kwcdn.com/product/fancy/8ffd7c66-192c-4798-956b-5ea77d891475.jpg,https://www.temu.com/search_result.html?search_key=607019520101199&search_method=user,911.csv,0
79,1.098510779465263,607585650444766,节日拍照背景，室内外可重复使用氦气派对装饰及活动中心装饰，生日气球装饰套装，动物造型气球，气球装饰品，气球支架，庆典气球，节日装饰，高品质铝膜材质，耐用派对用品，派对背景气球，毕业派对，适用于圣诞节、新年、情人节及各类派对活动,2.1,家居厨房用品,节日聚会用品,https://img.kwcdn.com/product/fancy/22cf5f5c-e19e-4c72-a047-b21f29b61a82.jpg,https://www.temu.com/search_result.html?search_key=607585650444766&search_method=user,912.csv,0
80,1.0965833724196825,601103011808373,一幅肌肉男士的裸体画，感性同性艺术品，尺寸19X27英寸，防水帆布制成。非常适合装饰客厅、卧室、酒吧或健身房墙壁，作为一件大型2D墙艺术品，非常适合房间装饰，使用海报和印刷品。,7.38,家居厨房用品,墙面装饰,https://img.kwcdn.com/product/open/5fa9c99cdabe435eb0049a7b1d006767-goods.jpeg,https://www.temu.com/search_result.html?search_key=601103011808373&search_method=user,909.xlsx,1
81,1.0962287386403788,607340166228388,"29pcs Gingerbread for Man Roostertail Picks, Fancy Toothpicks for Appetizers, Bamboo Roostertail Sticks Skewers for Drinks, Desserts, Charcuterie, Charcuterie Boards Accessories, Party Supplies",2.5,家居厨房用品,餐厅用品,https://img.kwcdn.com/product/open/6c943bc5b32b4cb0bffdd21eb4ddd0a7-goods.jpeg,https://www.temu.com/search_result.html?search_key=607340166228388&search_method=user,912.csv,0
82,1.0951268618021088,606739743248910,1幅装框竖式亚洲风/装饰艺术卷轴画 - 塑料画框带挂钩，竖版适用于房间/卧室/墙面装饰 - 水墨帆布海报，现代艺术画作，竖挂装饰品,5.94,家居厨房用品,墙面装饰,https://img.kwcdn.com/product/open/67c6bc58d5e34f55b680e5b4f88f1a01-goods.jpeg,https://www.temu.com/search_result.html?search_key=606739743248910&search_method=user,912.csv,0
83,1.0912171638470338,601105724915124,1PC 复古法式四色线条格子印花磨毛羽绒被被套（无填充物和枕套）,9.04,家居厨房用品,床上用品,https://img.kwcdn.com/product/fancy/e8a817b8-70f2-435d-8aba-5995e5e1c5d9.jpg,https://www.temu.com/search_result.html?search_key=601105724915124&search_method=user,912.csv,11
84,1.0911085399503408,607141926689138,户外露营懒人座椅便携易收纳多功能带扶手充气沙发｜ 耐磨抗撕裂 快速充气放气 沙滩野餐公园午休神器便携充气沙发懒人款，家用客厅午休躺 大容量高弹性 户外休闲家居两用,24.65,家居厨房用品,床上用品,https://img.kwcdn.com/product/open/97251fd1766b4c699f80db9183b334d0-goods.jpeg,https://www.temu.com/search_result.html?search_key=607141926689138&search_method=user,913.csv,0
85,1.0910366781092653,607268628219323,1卷装玻璃贴膜21条纹玻璃贴纸静电吸附防窥膜加厚24丝静电pvc,3.98,家居厨房用品,窗饰及配件,https://img.kwcdn.com/product/fancy/8a665ab3-0018-483c-a458-d623c6e7752f.jpg,https://www.temu.com/search_result.html?search_key=607268628219323&search_method=user,912.csv,1
86,1.0908991340607463,607129444408373,（开通jit）1PC 波浪花边竖纹魔术贴纱帘一片装 客厅落地窗柔光半透家用自粘窗纱 温柔奶油风魔术贴纱帘单片 民宿书房柔和滤光免钉家用装饰薄纱,9.76,家居厨房用品,窗饰及配件,https://img.kwcdn.com/product/open/884280a198f746d398e39e36fb578605-goods.jpeg,https://www.temu.com/search_result.html?search_key=607129444408373&search_method=user,910.csv,7
87,1.0899754482782142,607534110845350,单向透视银色窗户贴膜，自粘式窗膜附带安装刮板，隔热遮阳，外视内隐，家用玻璃贴膜，可选尺寸：29.53×236.22英寸、29.53×275.59英寸、29.53×314.96英寸、29.53×354.33英寸,25.45,家居厨房用品,窗饰及配件,https://img.kwcdn.com/product/fancy/88fc0fb6-d914-43d1-9e5c-bfde9460e641.jpg,https://www.temu.com/search_result.html?search_key=607534110845350&search_method=user,913.csv,3
88,1.0899377673451138,601103946195399,2D桌旗1件，埃及文化壁画展示长方形桌旗，聚酯材质，适用于餐桌、咖啡桌、家庭派对装饰，厨房、派对、节日的鲜艳文化装饰,4.37,家居厨房用品,餐厨布艺,https://img.kwcdn.com/product/20150c22617/2671baad-c479-47c5-a9c6-8e1fba6bc777_1024x1024.jpeg,https://www.temu.com/search_result.html?search_key=601103946195399&search_method=user,910.csv,3
89,1.088173249322668,605547118050743,爱心女孩床笠套装（3件套），包含1个床笠 + 2个枕套，无芯，情人节主题，浪漫床上用品系列，柔软透气床垫保护罩,22.92,家居厨房用品,床上用品,https://img.kwcdn.com/product/open/418e28b0e99949079781c4a25027d48b-goods.jpeg,https://www.temu.com/search_result.html?search_key=605547118050743&search_method=user,912.csv,1
90,1.087107561817183,606280483726917,3件套K-POP音乐心形手绘床笠套装（含1床笠+2枕套，无芯），音乐爱好者主题，多彩床品，柔软透气床垫保护罩,19.77,家居厨房用品,床上用品,https://img.kwcdn.com/product/open/253f05b1f82c4a6fad4752effab0c10d-goods.jpeg,https://www.temu.com/search_result.html?search_key=606280483726917&search_method=user,913.csv,2
91,1.0859545451168102,606664379970856,1pc高级硅胶厨房水槽肥皂盘,1.24,家居厨房用品,厨房收纳,https://img.kwcdn.com/product/open/2024-09-11/1726071046067-72abb153f6ab4eadb5c26f6ef9348d0c-goods.jpeg,https://www.temu.com/search_result.html?search_key=606664379970856&search_method=user,913.csv,1
92,1.0829422078537028,607197694127609,【】1pc枕套，2D平面印刷羽毛闪光青金色抱枕套，柔软舒适的聚酯短绒面料，单面印花，（不包含抱枕芯）多尺寸选择：18*18英寸16*16英寸，机洗，拉链闭合，织物聚酯装饰靠垫套，用于家居，沙发，卧室和办公室装饰,4.67,家居厨房用品,沙发装饰,https://img.kwcdn.com/product/fancy/307200ef-f5c0-4dba-9696-4a7d94d95886.jpg,https://www.temu.com/search_result.html?search_key=607197694127609&search_method=user,909.xlsx,13
93,1.0828811703103345,607257085446065,1 pc秋日枫叶裙摆芭蕾女孩静电窗贴，免胶可移除不留残胶，秋收落叶主题玻璃窗贴，客厅橱窗秋季氛围感装饰贴纸,1.7,家居厨房用品,窗饰及配件,https://img.kwcdn.com/product/open/21cd3bed3ee34fb7b21c083f178e4b77-goods.jpeg,https://www.temu.com/search_result.html?search_key=607257085446065&search_method=user,911.csv,9
94,1.0821181694292032,607485993819152,2D平面 - 2D平面 - 2D农舍风格，厨房电器罩，多功能烤箱保护帘，黑色背景上优雅白色花卉印花，带褶边和系带，耐用面料，带装饰蝴蝶结细节,8.28,家居厨房用品,窗饰及配件,https://img.kwcdn.com/product/algo_check/auto/1b0e2e02edcfe22b957b914636be751f_1785054164199.jpg,https://www.temu.com/search_result.html?search_key=607485993819152&search_method=user,913.csv,1
95,1.0816338876781766,605650650268202,"1pc,Retro Skull Print Large Capacity Foldable Shopping BagReusable, Suitable for Storage, It Is the Perfect Choice for Essential Items in the School Season",4.59,家居厨房用品,厨房收纳,https://img.kwcdn.com/product/2123a639a4/774e5364-1a14-4a84-ae69-0262e0888c53_1000x1000.jpeg,https://www.temu.com/search_result.html?search_key=605650650268202&search_method=user,911.csv,3
96,1.0815029591161918,606111084163316,【】2D Flat Banner 1件 桌旗，带有蓝色水彩泼墨及金色“Happy Birthday”设计，主题派对装饰，适用于餐桌、咖啡桌、家庭聚会、节日装饰，耐用聚酯。,1.95,家居厨房用品,餐厨布艺,https://img.kwcdn.com/product/21137b27a0c/27036cef-a040-432f-9875-34b3d88f6e6f_1000x1000.jpeg,https://www.temu.com/search_result.html?search_key=606111084163316&search_method=user,909.xlsx,25
97,1.0789637491178514,606598546176774,1个腊肠犬纸巾盒架，带可爱香肠狗造型——萌趣腊肠犬主题厨房用品，适用于家庭、车载、桌面，为腊肠犬爱好者设计的收纳盒，装饰性卷纸巾架,4.36,家居厨房用品,餐厨布艺,https://img.kwcdn.com/product/fancy/9f3c6746-3c24-48de-9f9e-aecb5036026c.jpg,https://www.temu.com/search_result.html?search_key=606598546176774&search_method=user,910.csv,0
98,1.0783800643418775,607140584484352,"Christmas, Halloween, Thanksgiving 100pcs Burgundy Latex Balloons 12.7cm Suitable for Birthday Party Balloons Shower Back to School Season Holiday Background Bridal Shower Wedding Valentine's Day Mother's Day Father's Day Graduation Ceremony Annive",5.08,家居厨房用品,节日聚会用品,https://img.kwcdn.com/product/open/e5ecfd409146451695e310d73e60b237-goods.jpeg,https://www.temu.com/search_result.html?search_key=607140584484352&search_method=user,911.csv,13
99,1.078258164731823,607589677011023,Multi-tier Wooden Cake Stand,15.91,家居厨房用品,餐厅用品,https://img.kwcdn.com/product/fancy/09b93d8a-fb6d-4343-b151-595a55ee6e18.jpg,https://www.temu.com/search_result.html?search_key=607589677011023&search_method=user,911.csv,2
100,1.0781742099085707,607493308692963,2件装多项颜色可选大型洗衣篮，带可折叠洗衣袋，独立高架，折叠式洗衣箱，高品质适用于卧室、浴室、大学宿舍储物、衣柜整理与洗衣（节省空间设计）,12.13,家居厨房用品,衣橱收纳,https://img.kwcdn.com/product/fancy/5ca7c7ba-c52e-486f-a53c-1a20e20fda89.jpg,https://www.temu.com/search_result.html?search_key=607493308692963&search_method=user,913.csv,0
101,1.0772030493071099,607544445651336,1个向日葵主题的方形亚克力冰箱磁铁，耐用且完美适用于冰箱、白板、手工艺、照片、贴纸、明信片、工具、厨房用品，适合作为女友的礼物和节日赠品，具有吸引人的设计。,1.38,家居厨房用品,厨房用品,https://img.kwcdn.com/product/open/15111ffb92984e0c9533932b28907c18-goods.jpeg,https://www.temu.com/search_result.html?search_key=607544445651336&search_method=user,911.csv,0
102,1.0742467319143059,606516086158760,"1pc,Dark Blue Floral Pattern Reusable Large Capacity Foldable Shopping BagReusable, Suitable for Storage, It Is the Perfect Choice for Essential Items in the School Season",4.04,家居厨房用品,厨房收纳,https://img.kwcdn.com/product/2123a66998/62a247a5-cf66-40d1-a503-cf5f7c22565a_1000x1000.jpeg,https://www.temu.com/search_result.html?search_key=606516086158760&search_method=user,911.csv,8
103,1.06847435443138,607027036322834,"Window Privacy Film for Rainbow Glass, Frosted 3D Grooved Glass Window Adhesive Film, Adhesive Vinyl Decorative Door Sticker, Suitable for Bathroom and Home Sun Protection, 44.5 X 199.9cm, Translucent",2.88,家居厨房用品,窗饰及配件,https://img.kwcdn.com/product/fancy/b891459b-f0b2-4133-8dc6-a805f7c65129.jpg,https://www.temu.com/search_result.html?search_key=607027036322834&search_method=user,910.csv,4
104,1.068328747893758,601103719713257,"2D Flat, 2D Flat - 2D Flat, 2D Flat - Design for a 90Th Birthday Banner Featuring Blue And Silvery Balloons - a Decorative Pattern for Outdoor Lawns And Wall Decor, Suitable for Festive Indoor And Outdoor Party Supplies",13.21,家居厨房用品,节日聚会用品,https://img.kwcdn.com/product/open/6bb05431f80a46d8a4040fdb6aa5b2aa-goods.jpeg,https://www.temu.com/search_result.html?search_key=601103719713257&search_method=user,912.csv,14
105,1.0670521285387506,605811795409510,3件套明星团体朋友床笠套装，包括1个床笠和2个枕套，采用庆典主题设计，包含流行文化元素，柔软透气床垫保护罩,22.7,家居厨房用品,床上用品,https://img.kwcdn.com/product/open/76622f67f08f4a6b8e61141505c94dc6-goods.jpeg,https://www.temu.com/search_result.html?search_key=605811795409510&search_method=user,911.csv,2
106,1.0664610687749825,606649213411236,2/3件套 2D平面印花床笠，优雅皇家风格，公主主题床上用品，粉色，皇冠和玫瑰印花，带有“公主”字样，用于卧室装饰（1件床笠和1/2个枕套，不含芯）,15.79,家居厨房用品,床上用品,https://img.kwcdn.com/product/21f0662f80/d437c679-1aa1-4b6f-8197-47158122c375_1500x1500.jpeg,https://www.temu.com/search_result.html?search_key=606649213411236&search_method=user,911.csv,1
107,1.064897388996493,606888792025445,"1pc Multi-Grid Wooden Drainage Rack, Bowl And Dish Rack, Kitchen Storage Rack, Storage Rack, Teacup Wooden Rack",2.98,家居厨房用品,厨房收纳,https://img.kwcdn.com/product/fancy/ee5f7637-3c75-4e6f-bf5f-3fa27b576657.jpg,https://www.temu.com/search_result.html?search_key=606888792025445&search_method=user,911.csv,9
108,1.0631499260678388,607504046117765,"1pc Supermarket Shelf Moving Storage Rack with Wheels, Multi-Layer Storage Shelf, Store Warehouse Shelf with Lockable Swivel Wheels",74.97,家居厨房用品,食品服务设备,https://img.kwcdn.com/product/open/f02c005e57df4f4cbd47f10778a8a928-goods.jpeg,https://www.temu.com/search_result.html?search_key=607504046117765&search_method=user,910.csv,0
109,1.0624513407954597,606754574320042,50个14厘米一次性木勺，迷你木制甜点勺，甜点勺，品尝勺，适合派个、聚会、节日、婚礼,2.86,家居厨房用品,餐厅用品,https://img.kwcdn.com/product/algo_framework/ImageCm2InAlgo/1586607c-a44a-11f1-8f52-0a580aa3ffa6.jpg,https://www.temu.com/search_result.html?search_key=606754574320042&search_method=user,913.csv,20
110,1.0616178898980664,606243892653184,100张音符图案纸巾，黑白鸡尾酒客人毛巾，一次性装饰餐巾，适用于音乐节、音乐主题鸡尾酒派个和聚会，时尚音乐主题生日派个装饰,6.46,家居厨房用品,节日聚会用品,https://img.kwcdn.com/product/fancy/60f687b2-1afe-4075-8801-d8ceeb865684.jpg,https://www.temu.com/search_result.html?search_key=606243892653184&search_method=user,912.csv,8
111,1.0603168871817943,607257085492657,1 pc挂树枝戴围巾小浣熊静电窗贴，免胶可移除不留残胶，秋日枫叶橡果森林动物玻璃窗贴，客厅橱窗秋季氛围感装饰贴纸,1.4,家居厨房用品,窗饰及配件,https://img.kwcdn.com/product/open/eb03d61c167f4e8a9c8165694e0ccda8-goods.jpeg,https://www.temu.com/search_result.html?search_key=607257085492657&search_method=user,910.csv,11
112,1.0579314878779726,606987039405847,浪漫纯白双天鹅心形雕像摆件，优雅的情侣天鹅桌面装饰工艺品。这套具有象征意义的家居陈设，完美适用于卧室床头柜、梳妆台、客厅茶几或浪漫婚礼现场的桌面布置。 作为结婚礼物、订婚贺礼、结婚周年纪念日惊喜或情人节心意馈赠,4.51,家居厨房用品,节日饰品,https://img.kwcdn.com/product/fancy/ba82fdf1-9c6e-4f5f-a604-36ebf699cc4d.jpg,https://www.temu.com/search_result.html?search_key=606987039405847&search_method=user,909.xlsx,3
113,1.0568500501859377,606245234818695,1PC全棉个面印花拉链款单被套，多种花型可供挑选，可机洗。,22.76,家居厨房用品,床上用品,https://img.kwcdn.com/product/fancy/949c5aa7-43f9-489a-8d56-2ffb2a6d77cf.jpg,https://www.temu.com/search_result.html?search_key=606245234818695&search_method=user,913.csv,15
114,1.0552384798687389,607456667217824,"1pc Personalized Custom Name Street Graffiti Theme Blanket, Customizable Name, Soft And Skin-Friendly Flannel Thin Blanket, Suitable for Summer Air-Conditioned Room, RV, Sofa, Bed, Office Nap, Birthday Gift, Christmas Valentine'S Day Birthday Gift",14.97,家居厨房用品,毯子,https://img.kwcdn.com/product/open/70a05b8d6d674b0bac24f3e1d9b61dbd-goods.jpeg,https://www.temu.com/search_result.html?search_key=607456667217824&search_method=user,912.csv,1
115,1.0548213894566845,606531269527658,"92pcs Balloon Set And 2D Flat Banner Orange Happy Birthday Floral Design Party Decoration for Birthday Celebration, 2D Flat",9.94,家居厨房用品,节日聚会用品,https://img.kwcdn.com/product/open/0fc83ca5ad514217aa1db93244d5c6c3-goods.jpeg,https://www.temu.com/search_result.html?search_key=606531269527658&search_method=user,912.csv,1
116,1.0544236055996723,607375733919969,带盖装饰编织收纳篮3件套，绳索桌面整理器，用于收纳珠宝小物件，家用储物箱，置物架篮,15.41,家居厨房用品,家庭收纳,https://img.kwcdn.com/product/algo_framework/ImageCm2InAlgo/b88170da-a0eb-11f1-85a4-0a580aa3ffa6.jpg,https://www.temu.com/search_result.html?search_key=607375733919969&search_method=user,911.csv,1
117,1.05275902331471,606338851657618,1件- 狼盾北欧设计图案-2D圆形金属耐用磁贴，高质量印刷，适用于冰箱、写字板、橱柜和储物柜装饰，完美的家居或办公室装饰,1.35,家居厨房用品,厨房用品,https://img.kwcdn.com/product/open/ff62de75f6d34825a1da9b0de0524bdc-goods.jpeg,https://www.temu.com/search_result.html?search_key=606338851657618&search_method=user,911.csv,1
118,1.0515617208650823,607028378485855,家用大开口强力防风晾衣夹，适用于家用宿舍晾晒的高质量晾衣夹，晾衣必备好帮手,4.9,家居厨房用品,衣橱收纳,https://img.kwcdn.com/product/open/7f8297288a63485f901545b427a0506a-goods.jpeg,https://www.temu.com/search_result.html?search_key=607028378485855&search_method=user,911.csv,0
119,1.049152638157466,607377076154660,1件- 黄色圆形疯狗区域警示标 -2D圆形金属耐用冰箱贴，采用高品质印刷技术，适用于冰箱、写字板、橱柜及储物柜的装饰。,1.96,家居厨房用品,厨房用品,https://img.kwcdn.com/product/open/7368392c93874da29f33f85ae12c2090-goods.jpeg,https://www.temu.com/search_result.html?search_key=607377076154660&search_method=user,911.csv,0
120,1.0490614361569688,606961806492489,11/22/33片装 自粘方形细网排水口贴纸，防堵塞淋浴地漏过滤网，防虫地漏滤网，适用于浴室淋浴、马桶及厨房水槽排水口，日常家用管道防堵塞保护产品,0.68,家居厨房用品,浴室用品,https://img.kwcdn.com/product/open/8e11def70bea4155b41093d9dfa6f3dc-goods.jpeg,https://www.temu.com/search_result.html?search_key=606961806492489&search_method=user,911.csv,0
121,1.0473315598858943,605547571037265,1件- 巴塞罗那 公园 建筑 天际线 马赛克 -2D圆形金属耐用磁贴，高质量印刷，适用于冰箱、写字板、橱柜和储物柜装饰，完美的家居或办公室装饰,1.95,家居厨房用品,厨房用品,https://img.kwcdn.com/product/open/285a441d27524745aa4e97ae8f167454-goods.jpeg,https://www.temu.com/search_result.html?search_key=605547571037265&search_method=user,911.csv,16
122,1.0472372320397816,605776009616691,“我每周只喝3天啤酒，昨天、今天和明天” - 带啤酒杯和泡沫字母的标语- 复古木质墙艺标牌，带有语录-做旧白色和金色复古设计 - 便于悬挂 - 爱尔兰酒吧，适合男人洞穴、家庭酒吧、咖啡馆 - 圣帕特里克节、情人节、母亲节礼物 - 啤酒爱好者装饰,9.86,家居厨房用品,家居装饰,https://img.kwcdn.com/product/open/1cf6e4195b334b98badfd057c0e18174-goods.jpeg,https://www.temu.com/search_result.html?search_key=605776009616691&search_method=user,911.csv,3
123,1.047002312452525,606751487282501,多功能红外测温枪，高精度LED数字大屏，(-58℉至1022℉）/（-50℃至550℃）非接触式激光功能，物距比12:1，发射率可调，适用于烹饪、披萨烤箱、肉类、烧烤、发动机，激光红外表面工具配件，工业热度测量设备，便携式热度计,9.03,家居厨房用品,酿酒用具,https://img.kwcdn.com/product/open/1776adcf76f0400cba1584fa6a3659d4-goods.jpeg,https://www.temu.com/search_result.html?search_key=606751487282501&search_method=user,909.xlsx,0
124,1.0469932295007036,607354124923777,桌旗 2D平面印花 1件装 秋季枫枝图案 四季通用 厨房餐桌 节日家居装饰 2D平面,1.82,家居厨房用品,餐厨布艺,https://img.kwcdn.com/product/open/3579e08fa1f442398b626819b3695192-goods.jpeg,https://www.temu.com/search_result.html?search_key=607354124923777&search_method=user,913.csv,4
125,1.0454929728348628,605672812976555,114pcs Balloon Set And 2D Flat Banner Pink Golden White Rainbow Happy Birthday Text Party Decoration for Birthday Celebration,14.09,家居厨房用品,节日聚会用品,https://img.kwcdn.com/product/open/4b06f714f4064c6980f10d1a12d54695-goods.jpeg,https://www.temu.com/search_result.html?search_key=605672812976555&search_method=user,912.csv,0
126,1.0430992396017402,601103416661976,手写圣诞祝福格子圣诞树红色星星雪花圣诞节抱枕套2个装床上用品适用于卧室床沙发节日装饰,5.63,家居厨房用品,沙发装饰,https://img.kwcdn.com/product/open/9e1aa7dbaf2d47e0b46609fd63878181-goods.jpeg,https://www.temu.com/search_result.html?search_key=601103416661976&search_method=user,911.csv,12
127,1.040928137007786,606885302401587,1PC 2D平面“请冲水”高地牛冲水提示语马桶贴，抱卷纸的高地牛指示图案，可爱动物元素装饰，浴室卫生间马桶盖水箱美化，家居装饰,0.63,家居厨房用品,家居装饰,https://img.kwcdn.com/product/open/f8b89a29e82b4af5a0a79509a17c6fed-goods.jpeg,https://www.temu.com/search_result.html?search_key=606885302401587&search_method=user,912.csv,0
128,1.040402595124578,606998447944975,2D平面设计，自闭症主题装饰标牌-绿黄配色，复古木质墙面装饰，适用于家庭、工作室或公寓，室内外皆宜，国庆红日主题，|大字体|耐用标牌，户外装饰万圣节、圣诞节,0.83,家居厨房用品,家居装饰,https://img.kwcdn.com/product/open/50d804cd7bd3449f993244f6f9dc1296-goods.jpeg,https://www.temu.com/search_result.html?search_key=606998447944975&search_method=user,913.csv,108
129,1.0401268193326547,607256145984703,【2D flat】1pc浴缸浴室地垫，防滑吸水柔软可机洗，天鹅绒材质，适用于浴室、门口、浴缸、马桶、洗漱台，抽象蓝灰笔触图案，温馨家居装饰，适配现代简约风格，秋冬季推荐,5.69,家居厨房用品,地毯地垫,https://img.kwcdn.com/product/21f0661f40/77900df6-6e60-4e25-8276-ddcee40a9ab6_1000x1000.jpeg,https://www.temu.com/search_result.html?search_key=607256145984703&search_method=user,910.csv,0
130,1.0395534137642057,607576523652132,天然相思木烹饪工具五件套 长柄汤铲漏勺饭勺捞面勺不伤锅厨具,29.88,家居厨房用品,厨房用品,https://img.kwcdn.com/product/fancy/17fc558e-1c75-495d-a473-4472b34a064c.jpg,https://www.temu.com/search_result.html?search_key=607576523652132&search_method=user,910.csv,0
131,1.035056627975583,601101222351101,1 件套 椰子棕榈墙贴 DIY 风景景观，适用客厅卧室装饰贴花,5.3,家居厨房用品,墙面装饰,https://img.kwcdn.com/product/fancy/b11572c4-8041-41e2-ac6a-949c85c2d0a2.jpg,https://www.temu.com/search_result.html?search_key=601101222351101&search_method=user,911.csv,169
132,1.032276942053584,606621027676496,Multi-Item Party Favor Packs4件多样卡通印花小章鱼可以揉捏的玩具 儿童聚会随手礼品 开学季派个礼物 惊喜礼袋填充小物件、班级奖品，多节日适用，随机颜色款式,2.22,家居厨房用品,节日聚会用品,https://img.kwcdn.com/product/fancy/ddd1146a-9832-4e91-8cc9-0bb4984de2b4.jpg,https://www.temu.com/search_result.html?search_key=606621027676496&search_method=user,911.csv,3
133,1.03039234754652,605786814139464,多件装派对小礼品套装，6条颜色随机马卡龙色仿真小金鱼，软胶TPR弹力发泄减压用品，节日、水上游戏派对礼品、夏季派对装饰品和水族馆、游泳池互动装扮配件,1.61,家居厨房用品,节日聚会用品,https://img.kwcdn.com/product/fancy/1043be76-4cbd-403b-92e5-8f1f565b1b18.jpg,https://www.temu.com/search_result.html?search_key=605786814139464&search_method=user,909.xlsx,1
134,1.0301421300009193,607340501826707,3.8英寸木制马像摆件，动物造型，简约风格，适用于家居装饰、办公室装饰、桌面装饰，是送给老人的礼物、节日装饰、男士礼品,5.27,家居厨房用品,家居装饰,https://img.kwcdn.com/product/fancy/58b27653-3d99-4b8b-8e86-67bc9fafa760.jpg,https://www.temu.com/search_result.html?search_key=607340501826707&search_method=user,913.csv,3
135,1.0285672986981207,601100303576233,8件装篮球横幅，篮球生日快乐派个悬挂运动派个漩涡运动派个悬挂装饰篮球派个用品男孩,6.68,家居厨房用品,节日聚会用品,https://img.kwcdn.com/product/open/c41827a97ae84c218fdd8d018877165a-goods.jpeg,https://www.temu.com/search_result.html?search_key=601100303576233&search_method=user,911.csv,0
136,1.026266074054306,606615927391376,4个装带手柄可折叠收纳盒，布艺储物箱，用于衣柜整理，可折叠立方体收纳整理箱，适用于宿舍、卧室、办公室、玩具、衣物和万圣节装饰品收纳，置物篮,34.51,家居厨房用品,家庭收纳,https://img.kwcdn.com/product/fancy/83dc3e39-8f5a-4b5c-8232-21c298760890.jpg,https://www.temu.com/search_result.html?search_key=606615927391376&search_method=user,909.xlsx,0
137,1.0257672536249,606309927719067,"1pc, Watercolor Palm Trees Large Capacity Foldable Shopping Bag Reusable, Suitable for Storage, It Is The Perfect Choice for Essential Items in The School Season",4.54,家居厨房用品,厨房收纳,https://img.kwcdn.com/product/2123a66998/bc971311-bd4f-4ec7-bd4b-b108c35aea0a_1000x1000.jpeg,https://www.temu.com/search_result.html?search_key=606309927719067&search_method=user,911.csv,1
138,1.025418972638318,607597595862814,2D平面装饰画，2D平面装饰画，2D平面装饰画 6件套，2D平面装饰画 6件套 地中海风格陶土艺术墙面装饰 - 波西米亚中性色调，拱门和楼梯，陶器和橄榄树主题，打造画廊风格墙面美学，无框,6.71,家居厨房用品,墙面装饰,https://img.kwcdn.com/product/open/376b555b69104301925ae8f19ffaaa44-goods.jpeg,https://www.temu.com/search_result.html?search_key=607597595862814&search_method=user,913.csv,1
139,1.0250742476021764,601105367745763,"99pcs Balloons & 2D Banner - Polka Dot Roses Floral Balloon Decor Suitable for First Birthday Party, Gender Reveal, Wedding - Durable PP Balloons for Shower, Baptism, Party Decorations, 2D Flat",12.39,家居厨房用品,节日聚会用品,https://img.kwcdn.com/product/open/31c82ef202b54d7ba76a68b722ee074d-goods.jpeg,https://www.temu.com/search_result.html?search_key=601105367745763&search_method=user,911.csv,0
140,1.0248520264174714,607515588822503,"2D Flat, 1pc 2D Watercolor White Rose Curtains for Bedroom Living Room Moon Floral Pattern Light Filtering Window Drapes Romantic Aesthetic Home Decor Soft Breathable Fabric Printed Curtain Sets Easy Care Home Decoration for Room Din",7.12,家居厨房用品,窗饰及配件,https://img.kwcdn.com/product/open/7aaa7a6e0d1147b8a48a0d711f50c4dd-goods.jpeg,https://www.temu.com/search_result.html?search_key=607515588822503&search_method=user,913.csv,0
141,1.0227868195392498,601105824567424,2pcs-木质印花枕套垫套，沙发椅、卧室和办公室装饰，适合室内外使用 （不含枕芯）,5.12,家居厨房用品,沙发装饰,https://img.kwcdn.com/product/open/639c81090f9b4af7a98f80128a2105d8-goods.jpeg,https://www.temu.com/search_result.html?search_key=601105824567424&search_method=user,911.csv,18
142,1.0219166324563482,606668674957926,墙面装饰 3D 花卉浮雕墙饰，华丽金色复古巴洛克风格相框，带有凸起的玫瑰和雏菊艺术品，适用于客厅卧室婚礼家居装饰，女士礼物,5.82,家居厨房用品,节日饰品,https://img.kwcdn.com/product/open/830838e7a9c1462dba962069c36adb03-goods.jpeg,https://www.temu.com/search_result.html?search_key=606668674957926&search_method=user,912.csv,1
143,1.0217267085569306,601105683095389,2件装 黑白奔马金色麦田图案印花枕套 - 柔软面料，拉链闭合，，客厅卧室装饰用沙发床头抱枕套，马匹装饰,7.13,家居厨房用品,沙发装饰,https://img.kwcdn.com/product/open/7427fe81f5e748aa8319f2a43e6a5abb-goods.jpeg,https://www.temu.com/search_result.html?search_key=601105683095389&search_method=user,911.csv,2
144,1.0195685419525704,607109445949963,女孩与小猫雕像，温柔女孩亲猫咪温馨装饰摆件，温柔相伴，与猫共度时光,0.91,家居厨房用品,家居装饰,https://img.kwcdn.com/product/fancy/efac1a3b-787d-4003-8a37-578dc976356d.jpg,https://www.temu.com/search_result.html?search_key=607109445949963&search_method=user,913.csv,0
145,1.0177907490538736,606849600437076,"1件2D平面图案贴花,圣诞窗贴纸，窗花，玻璃贴画 窗户门窗装饰贴纸圣诞麋鹿骑行摩托图案玻璃贴膜可拆卸，易于安装，适用于浴室、厨房、办公室、家居装饰防水贴纸、浴室窗户装饰、婚礼和派对、装饰门窗、圣诞节玻璃窗户装饰贴纸 双面打印-玻璃贴膜",1.44,家居厨房用品,窗饰及配件,https://img.kwcdn.com/product/open/4dfcd1775f28449383d7a106cbce8380-goods.jpeg,https://www.temu.com/search_result.html?search_key=606849600437076&search_method=user,911.csv,3
146,1.017740534763289,607106962937089,1pc 家用酒店弹力波浪斜纹提花大号搁脚凳套方形搁脚凳套,13.4,家居厨房用品,沙发装饰,https://img.kwcdn.com/product/fancy/1c0c3016-9a9d-4cdf-a139-dfe0290cc78d.jpg,https://www.temu.com/search_result.html?search_key=607106962937089&search_method=user,913.csv,14
147,1.0166151872255738,605917005343710,2/3件套 2D平面印花床笠，热带风格，异域丛林主题床上用品，绿白配色，门司拉叶和黄花椒花印花，卧室装饰（1件床笠和1/2个枕套，不含芯）,14.5,家居厨房用品,床上用品,https://img.kwcdn.com/product/21137b23908/e54aa32d-0d75-4f4c-b54c-b1e84478ca8a_1500x1500.jpeg,https://www.temu.com/search_result.html?search_key=605917005343710&search_method=user,911.csv,1
148,1.0155865864998608,607085756527435,2D平面定制爱尔兰国旗颜色风格冰箱磁铁 - 个性化文字/姓名，可爱家居装饰纪念品，送给朋友的独特冰箱磁铁礼物创意，家居厨房装饰磁性贴纸，家居厨房装饰礼物,3.5,家居厨房用品,厨房用品,https://img.kwcdn.com/product/open/d308e077dd214eb9b129c73316381a78-goods.jpeg,https://www.temu.com/search_result.html?search_key=607085756527435&search_method=user,913.csv,2
149,1.0151794151274804,601105807859369,1PC卡通炫彩繁花草莓印花磨毛羽绒被被套（无填充物和枕套）,8.72,家居厨房用品,床上用品,https://img.kwcdn.com/product/fancy/61f4e54a-68e4-41e0-9cc2-e9be628aa6f2.jpg,https://www.temu.com/search_result.html?search_key=601105807859369&search_method=user,912.csv,8
150,1.015004149681552,606944760800010,2pcs36寸站立绿色小车，蓝色小底座婴儿奶瓶气球铝膜气球，生日、确认、性别揭示派对聚会装饰,2.13,家居厨房用品,节日聚会用品,https://img.kwcdn.com/product/open/156417f9c7904f87b2ae8c1a51f4439e-goods.jpeg,https://www.temu.com/search_result.html?search_key=606944760800010&search_method=user,912.csv,2
151,1.0149836587442715,606729072930363,"2D Flat - 2D Flat - 2D Flat Printing 1pc Green Ivy Border Versatile Cabinet Curtain - Made of Polyester, Rod Pocket for Mounting, Suitable for Kitchen Cabinet Doors, Study Storage, Bedroom Organization, Bathroom Vanity",4.56,家居厨房用品,窗饰及配件,https://img.kwcdn.com/product/open/0b63079c30444ce78bdcc26cad9121c6-goods.jpeg,https://www.temu.com/search_result.html?search_key=606729072930363&search_method=user,913.csv,0
152,1.014678023063086,607604977821028,"18件 墨西哥纸花彩色纸巾花,15.24 厘米 20.32 厘米 25.40 厘米Fiesta 纸巾绉纸花毛球墨西哥狂欢节亡灵节排灯节花卉派对背景婚礼生日派对工艺",10.22,家居厨房用品,节日聚会用品,https://img.kwcdn.com/product/fancy/63e6f1e4-33dc-44a9-9f66-9e31ce79094e.jpg,https://www.temu.com/search_result.html?search_key=607604977821028&search_method=user,910.csv,0
153,1.013482761228096,605925528165746,"1pc, Red Heart Black Stripes Reusable Foldable Shopping Bag Reusable, Suitable for Storage, It Is The Perfect Choice for Essential Items in The School Season",4.06,家居厨房用品,厨房收纳,https://img.kwcdn.com/product/2123a639a4/ad23c4c2-a0e2-46e9-80de-5085aae529bb_1000x1000.jpeg,https://www.temu.com/search_result.html?search_key=605925528165746&search_method=user,911.csv,6
154,1.0128353809231394,605788089211733,"1pc,Rose Heart Patchwork Large Capacity Foldable Shopping BagReusable, Suitable for Storage, It Is the Perfect Choice for Essential Items in the School Season",3.91,家居厨房用品,厨房收纳,https://img.kwcdn.com/product/2123a639a4/40e76ed5-6ba6-47f7-9839-65c9dbf83184_1000x1000.jpeg,https://www.temu.com/search_result.html?search_key=605788089211733&search_method=user,911.csv,6
155,1.0064707916247693,605910294460922,"3件套床垫防护套,1件床笠+2个枕套（无填充物）2D Flat Priting,粉色猫咪花卉主题,浪漫艺术风格,情人节,可爱,四季皆宜,可机洗,居家、宿舍、主卧、客房可用",15.38,家居厨房用品,床上用品,https://img.kwcdn.com/product/open/b5b5c8d3471847888758d55b0759c928-goods.jpeg,https://www.temu.com/search_result.html?search_key=605910294460922&search_method=user,909.xlsx,45
156,1.0050554730611114,607338421394065,1件多功能厨房烤箱帘罩 厨房防尘罩 二维平面印花红白竖条纹无文字图案 适用于炉灶 洗碗机 水槽装饰帘 烤箱围裙罩,5.0,家居厨房用品,窗饰及配件,https://img.kwcdn.com/product/open/ff6dcc9c4aa94540bf22fbda2cd72604-goods.jpeg,https://www.temu.com/search_result.html?search_key=607338421394065&search_method=user,912.csv,0
157,1.003806637274242,606367976937505,2D扁平“这里发生的事情留在这里”复古木质标志，家用酒吧咖啡店车库装饰的木墙艺术，复古警告牌，房间装饰的完美选择。,3.08,家居厨房用品,节日饰品,https://img.kwcdn.com/product/open/0dc177acf1314486a2c97fc53b964947-goods.jpeg,https://www.temu.com/search_result.html?search_key=606367976937505&search_method=user,912.csv,12
158,1.0017008740184197,606211143484705,无限系列7号无绳吸尘器替换滤芯 | 兼容型号：BKS711XXL、BBS711W、BBS712A、BCS711GB、BKS711MALL | 可水洗HEPA滤网，结构耐用,8.74,家居厨房用品,吸尘器及扫地机器人,https://img.kwcdn.com/product/fancy/0191d35e-a260-4f1b-b5a0-8ca3261fef6a.jpg,https://www.temu.com/search_result.html?search_key=606211143484705&search_method=user,909.xlsx,9
159,1.0012157270238549,607201452259517,1个秋季静电窗户墙贴，带树枝悬挂南瓜松果枫叶设计，创意静电吸附窗户贴花，适用于客厅、卧室、餐厅、书房和浴室门的装饰美化，秋季装饰，感恩节装饰,2.95,家居厨房用品,窗饰及配件,https://img.kwcdn.com/product/fancy/5cf310f1-0582-45b3-8f50-0493e0f06f81.jpg,https://www.temu.com/search_result.html?search_key=607201452259517&search_method=user,910.csv,0
160,1.0006779126693948,606861411608829,1pc 调皮的松鼠拿松果砸窗户-静电窗贴，适合橱窗、家居窗户 营造秋季氛围感，PET静电吸附玻璃膜 无残留 不留胶，自粘可移除， 可重复使用 个面可视,1.6,家居厨房用品,窗饰及配件,https://img.kwcdn.com/product/open/c8dfad51b4c24ba09f76eaad597fb218-goods.jpeg,https://www.temu.com/search_result.html?search_key=606861411608829&search_method=user,910.csv,4
161,0.9997273386291538,601105367247961,"99pcs Balloon Set And 2D Flat Banner Pink Black And White Polka Dot Rainbow Heart Happy Birthday Party Decoration for Kids Birthday Celebration, 2D Flat",13.13,家居厨房用品,节日聚会用品,https://img.kwcdn.com/product/open/9ad660a9c46b49fd8dab8f0845b628cb-goods.jpeg,https://www.temu.com/search_result.html?search_key=601105367247961&search_method=user,911.csv,0
162,0.9982217339962809,607472840493197,4pcs优雅白色透光窗帘，透气网纱薄纱带杆袋，适用于厨房、卧室和客厅装饰；也可作为室内蚊帐、婚礼装饰、圣诞饰品及生日背景摄影背景,10.68,家居厨房用品,窗饰及配件,https://img.kwcdn.com/product/open/234a7f4c012b4a218a63f9a6fd86810a-goods.jpeg,https://www.temu.com/search_result.html?search_key=607472840493197&search_method=user,913.csv,39
163,0.9980882073488601,606651696383273,1 件- 致我的姐姐 谢谢你 -2D圆形金属耐用冰箱贴，采用高品质印刷技术，适用于冰箱、写字板、橱柜及储物柜的装饰。,1.9,家居厨房用品,厨房用品,https://img.kwcdn.com/product/open/f8efa495acf1412f93517fefcf31047a-goods.jpeg,https://www.temu.com/search_result.html?search_key=606651696383273&search_method=user,911.csv,12
164,0.9978560586403904,607471162766936,3pcs适用戴森V6V7V8V10V11v15吸尘器配件,12.36,家居厨房用品,吸尘器及扫地机器人,https://img.kwcdn.com/product/fancy/58d7b815-caa2-4cec-934f-9add4d8c4b9e.jpg,https://www.temu.com/search_result.html?search_key=607471162766936&search_method=user,909.xlsx,3
165,0.9955969849192049,607049316464680,2D平面印花-1件立体毛绒动物图案拼接法兰绒毛毯-可爱森林动物主题绗缝保暖盖毯，可机洗，超柔舒适触感，非常适合生日礼物、家居装饰、沙发休息、办公室午睡、旅行露营及全季使用,9.44,家居厨房用品,毯子,https://img.kwcdn.com/product/open/995455f116f4492d9e5289d95c3993d6-goods.jpeg,https://www.temu.com/search_result.html?search_key=607049316464680&search_method=user,911.csv,1
166,0.9954664719891219,606319926988230,2D平面 - 2D平面 - 2D平面 - 2D平面 - 2件装 2D平面阳光公园场景窗帘 | 绿油油的草坪搭配白色和黄色花朵，粗壮的树干和茂密的树叶，摇曳的树枝，远处城市天际线，装饰艺术风格，涤纶,13.44,家居厨房用品,窗饰及配件,https://img.kwcdn.com/product/open/4ee523d838f64b3981c1893e7102a4f3-goods.jpeg,https://www.temu.com/search_result.html?search_key=606319926988230&search_method=user,912.csv,0
167,0.9942907432643893,605707088825360,"3件套床垫防护套,1件床笠+2个枕套（无填充物）,粉蓝心形毛绒装饰,梦幻插画风格,情人节,家居,四季适用,可机洗,床垫保护罩,床笠套,主卧,卧室,居家,宿舍,床上用品",14.81,家居厨房用品,床上用品,https://img.kwcdn.com/product/open/ec0504d29d6a46508882cfb227f7d9c6-goods.jpeg,https://www.temu.com/search_result.html?search_key=605707088825360&search_method=user,909.xlsx,2
168,0.9942651325563319,606020369795547,JIT 1件，2D平面印花桌旗，几何形状色彩组合聚酯桌旗，适用于餐桌、咖啡桌、家庭派对装饰，家庭聚会、室内外日常节庆和派对使用,3.17,家居厨房用品,餐厨布艺,https://img.kwcdn.com/product/2066d90972/1fdc1fc4-4a8d-47ed-b1f3-6ae3018f11b8_1024x1024.jpeg,https://www.temu.com/search_result.html?search_key=606020369795547&search_method=user,909.xlsx,0
169,0.994055775220713,601103885085680,2D桌旗1件，圣诞主题快乐节日场景长方形桌旗，聚酯材质，适用于餐桌、咖啡桌、家庭派对装饰，厨房、派对、节日的鲜艳文化装饰,4.51,家居厨房用品,餐厨布艺,https://img.kwcdn.com/product/20150c2119c/8d1b4b01-24dc-4c84-8a97-33a24f63ed1c_1024x1024.jpeg,https://www.temu.com/search_result.html?search_key=601103885085680&search_method=user,910.csv,2
170,0.9926158224239392,607115083088360,衣物文件杂物收纳神器 三件装可叠放抽屉式 垂直收纳省空间 家居办公通用好整理,18.33,家居厨房用品,衣橱收纳,https://img.kwcdn.com/product/open/3ba423a1cf2149e4b470d4484ac6bef7-goods.jpeg,https://www.temu.com/search_result.html?search_key=607115083088360&search_method=user,913.csv,2
171,0.9916730532342838,606698739725158,"1-Roll Tulip Glass Static Cling Privacy Film, 24-Mil Static PVC Window Film",3.78,家居厨房用品,窗饰及配件,https://img.kwcdn.com/product/fancy/b8578ffa-1b92-4145-982c-a8ce0ac0245e.jpg,https://www.temu.com/search_result.html?search_key=606698739725158&search_method=user,909.xlsx,17
172,0.9903499731547748,607130115504680,Sacred Family Christmas Scene Statue Mini Minimalist Nativity Scene Sculpture Desktop Decoration Perfect Spiritual Gift for Christian Believers And Holiday Decoration Enthusiasts Christmas Decoration,1.04,家居厨房用品,节日饰品,https://img.kwcdn.com/product/fancy/9732bc5f-15de-4f9f-a9a2-00d67f6c19e7.jpg,https://www.temu.com/search_result.html?search_key=607130115504680&search_method=user,911.csv,0
173,0.9897050831195712,606827320287174,1件- 古希腊战士持矛盾牌浮雕图案 -2D圆形金属耐用冰箱贴，采用高品质印刷技术，适用于冰箱、写字板、橱柜及储物柜的装饰。,1.54,家居厨房用品,厨房用品,https://img.kwcdn.com/product/open/b2576d4cf63c4bfc870110db162cf548-goods.jpeg,https://www.temu.com/search_result.html?search_key=606827320287174&search_method=user,911.csv,0
174,0.9894115501987345,601105796603753,1件2D 1968年限量版星爆设计 -圆形金属耐用磁贴，高质量印刷，适用于冰箱、写字板、橱柜和储物柜装饰，完美的家居或办公室装饰,1.7,家居厨房用品,厨房用品,https://img.kwcdn.com/product/open/d90718bbd9074f2281dc6429bcd1f203-goods.jpeg,https://www.temu.com/search_result.html?search_key=601105796603753&search_method=user,911.csv,1
175,0.9893043328529425,607387545084390,1套粉色花卉城堡生日快乐纸质横幅，闪光金色字母三角旗花环，室内外墙壁背景，拍照道具，适用于公主风格女孩生日派对用品,3.68,家居厨房用品,节日聚会用品,https://img.kwcdn.com/product/fancy/27b721f3-b779-4533-808a-2d47421f41a8.jpg,https://www.temu.com/search_result.html?search_key=607387545084390&search_method=user,912.csv,1
176,0.9882113944674592,606813093252266,"2D Flat, 1pc FENGMINYI Cat Shower Curtain Suitable for Bath, Adorable Fluffy Kitten with Hooks, Cute Kitten Bathroom Decor Curtain for Bathtub, Hanging Curtain for Bathrooms,, Gifts for Cat Lovers, 2D Flat",5.47,家居厨房用品,毛巾浴巾,https://img.kwcdn.com/product/open/e9e6aefacb7c45b1b02d5294e9e01ade-goods.jpeg,https://www.temu.com/search_result.html?search_key=606813093252266&search_method=user,912.csv,1
177,0.9871010316482978,606372204785250,1件- 祝你有美好的一天 表情符号 -2D圆形金属耐用磁贴，高质量印刷，适用于冰箱、写字板、橱柜和储物柜装饰，完美的家居或办公室装饰,1.92,家居厨房用品,厨房用品,https://img.kwcdn.com/product/open/8713980c72784b6a92bccedf0876ef6b-goods.jpeg,https://www.temu.com/search_result.html?search_key=606372204785250&search_method=user,911.csv,14
178,0.9847645653476944,605911636617335,"3件套床垫防护套,1件床笠+2个枕套（无填充物）2D Flat Priting,足球运动,抽象风格,运动风,四季通用,可机洗,家居必备",14.95,家居厨房用品,床上用品,https://img.kwcdn.com/product/open/7be3841e6d064bbc8b203cfde8ea1712-goods.jpeg,https://www.temu.com/search_result.html?search_key=605911636617335&search_method=user,909.xlsx,11
179,0.9836900542885008,607018446353904,EGTLAJ 1个巴黎艾菲尔铁塔亚克力冰箱磁铁。优雅的法式标志，特色是艾菲尔铁塔、服装设计和额外元素，非常适合巴黎爱好者,0.81,家居厨房用品,厨房用品,https://img.kwcdn.com/product/open/7fee132515c2454a8c34571f0cc27b05-goods.jpeg,https://www.temu.com/search_result.html?search_key=607018446353904&search_method=user,911.csv,0
180,0.9803832960869588,607522970780012,"2pcs Solid Color Velvet Fleece Super Soft High Elasticity Sofa Armrest Covers, Pet-Friendly, Machine Washable, Easy to Install, Anti Slip Elastic Sofa Cover, Suitable for Living Room, Bedroom, Office, Universal for All Seasons",11.11,家居厨房用品,沙发装饰,https://img.kwcdn.com/product/open/9a17cddfd3324e628767affaf6fd8129-goods.jpeg,https://www.temu.com/search_result.html?search_key=607522970780012&search_method=user,910.csv,1100
181,0.9758784610547211,606976301991502,2pcs/1pc文胸洗护球 洗衣机专用防变形内衣清洗球防缠绕护洗袋替代款，文胸洗护保护球 洗衣机滚筒专用内衣清洗球不变形不缠绕胸罩防护球内衣洗护工具,11.11,家居厨房用品,衣橱收纳,https://img.kwcdn.com/product/fancy/655d6f24-b89e-4ba0-a00e-4fc776eba2ed.jpg,https://www.temu.com/search_result.html?search_key=606976301991502&search_method=user,910.csv,3
182,0.9757581531925034,607011198588235,客厅卧室流苏窗帘绑带 手工绳结窗帘束带 轻奢家居柔软装饰点缀,7.64,家居厨房用品,窗饰及配件,https://img.kwcdn.com/product/fancy/f24626f8-91f2-471c-9c23-802688fc32e4.jpg,https://www.temu.com/search_result.html?search_key=607011198588235&search_method=user,909.xlsx,0
183,0.9748242746624537,607288223977456,可定制名字木质乳牙收纳盒圣诞卡通图案牙齿保存盒胎发纪念盒节日礼物,2.26,家居厨房用品,儿童家居用品,https://img.kwcdn.com/product/fancy/5a3d5ace-64c7-4be8-97c0-43ea25f4c4a5.jpg,https://www.temu.com/search_result.html?search_key=607288223977456&search_method=user,911.csv,0
184,0.9733742592669964,607488946626422,主题海报，现代帆布印刷品，复古风格墙饰，非常适合用作礼物或家居、宿舍的装饰品。适用于卧室、客厅等场所。为无框设计，为 2D 平面图案，非常适合用来装饰房间。,5.16,家居厨房用品,墙面装饰,https://img.kwcdn.com/product/open/f372d447caa74682882c234d094b642b-goods.jpeg,https://www.temu.com/search_result.html?search_key=607488946626422&search_method=user,913.csv,0
185,0.9731227998973727,606872417442084,1件装饭勺，家用露营野餐 不沾米饭勺，简约设计马卡龙色系，盛土豆泥防烫手盛饭勺，制作寿司助手，,1.83,家居厨房用品,餐厅用品,https://img.kwcdn.com/product/fancy/dc6f024d-ee7e-4255-8d80-9429bc52e0e0.jpg,https://www.temu.com/search_result.html?search_key=606872417442084&search_method=user,913.csv,0
186,0.9729811552151646,607576792087655,1个定制抱枕套，个性化照片印刷 - 适合周年纪念日和情人节，单面设计捕捉您的爱情瞬间。,2.76,家居厨房用品,沙发装饰,https://img.kwcdn.com/product/open/3c6a2d4385584ec186b4151966588fe8-goods.jpeg,https://www.temu.com/search_result.html?search_key=607576792087655&search_method=user,913.csv,0
187,0.9718618442824205,607053879854319,1pc 窗贴 自粘玻璃贴纸，家居装饰墙贴， 橙色海马，卡通风格 静电吸附，无需粘胶，家居花园玻璃贴纸，派对装饰，房车窗贴，马桶贴纸，瓷砖贴纸，适用于室内外,1.35,家居厨房用品,窗饰及配件,https://img.kwcdn.com/product/fancy/54b938dc-2ff5-4cc3-becf-f6d56fb5ace8.jpg,https://www.temu.com/search_result.html?search_key=607053879854319&search_method=user,913.csv,0
188,0.9712337327923127,607591019167823,"10pcs Random Cat-Shaped Snack Bag Sealing Clips Food Bag Packaging Sealing Clips Lightweight Durable, Kitchen Gadget, Lightweight And Convenient for Home",1.17,家居厨房用品,厨房收纳,https://img.kwcdn.com/product/open/183f0addafbd47389127008e22f5530e-goods.jpeg,https://www.temu.com/search_result.html?search_key=607591019167823&search_method=user,910.csv,2
189,0.9711342213097847,607531090941865,一套6个可折叠塑料收纳箱，可堆叠和折叠，带手柄，非常适合整理您的桌面、抽屉、架子、家庭、办公室或宿舍中的各种彩色小物件，置物篮,8.4,家居厨房用品,家庭收纳,https://img.kwcdn.com/product/fancy/de88ad47-fb85-4482-87e6-76099976f391.jpg,https://www.temu.com/search_result.html?search_key=607531090941865&search_method=user,909.xlsx,5
190,0.9704068458183852,601105749102418,"A Set of 106 Balloons Along with a 2D Flat Banner That Says 'Happy Birthday' in Blue, Orange, Navy, And White, Featuring Polka Dots And Cloud Designs for Decorating a Birthday Party",12.36,家居厨房用品,节日聚会用品,https://img.kwcdn.com/product/open/3b45287920c4457898e423365bcd1486-goods.jpeg,https://www.temu.com/search_result.html?search_key=601105749102418&search_method=user,911.csv,0
191,0.9697018424203281,606941539578762,"500pcs Espresso Paper Filters Fit Portafilter Baskets, Unbleached Espresso Filter Puck Screen Portafilter Paper Compatible with Breville Barista And Other Espresso Machines",3.36,家居厨房用品,咖啡用品,https://img.kwcdn.com/product/fancy/fb2fcc7e-beed-4d05-9fc6-933a79c812b7.jpg,https://www.temu.com/search_result.html?search_key=606941539578762&search_method=user,911.csv,67
192,0.9677054987304061,607063543518064,2pcs/4pcs金属稳定器防滑防移位壁挂式易于安装用于床垫沙发垫榻榻米阻挡器,8.97,家居厨房用品,床上用品,https://img.kwcdn.com/product/fancy/a051a537-73af-4257-9028-d4f3411cdf74.jpg,https://www.temu.com/search_result.html?search_key=607063543518064&search_method=user,913.csv,0
193,0.9673580075974498,605547571035917,1件- 制造于1979复古不老 -2D圆形金属耐用磁贴，高质量印刷，适用于冰箱、写字板、橱柜和储物柜装饰，完美的家居或办公室装饰,2.22,家居厨房用品,厨房用品,https://img.kwcdn.com/product/open/97e1ce46558042e1b7f859a177d58473-goods.jpeg,https://www.temu.com/search_result.html?search_key=605547571035917&search_method=user,911.csv,6
194,0.966923056751569,606560176683029,2D平面1个可爱小狗冰箱磁铁，蓬松床上用品装饰冰箱磁铁，可爱动物冰箱装饰，柳条磁性亚克力冰箱磁铁，适合厨房家居装饰，耐用装饰品，2D平面,1.28,家居厨房用品,厨房用品,https://img.kwcdn.com/product/open/4fcb858d585d418da460629f0727a56a-goods.jpeg,https://www.temu.com/search_result.html?search_key=606560176683029&search_method=user,912.csv,6
195,0.9667266159944536,607568202172167,防晒隔热静电吸附窗膜，单向隐私玻璃贴纸，适用于家庭、办公室、浴室及汽车车窗装饰的防晒遮阳膜,11.27,家居厨房用品,窗饰及配件,https://img.kwcdn.com/product/fancy/e0491135-f854-4327-84fd-31eaadb82a6c.jpg,https://www.temu.com/search_result.html?search_key=607568202172167&search_method=user,912.csv,0
196,0.9652100878620682,606689881331311,1件- 蓝金莲花宝石浮雕纹样 -2D圆形金属耐用冰箱贴，采用高品质印刷技术，适用于冰箱、写字板、橱柜及储物柜的装饰。,1.32,家居厨房用品,厨房用品,https://img.kwcdn.com/product/open/dc3699db5b854eb2a075ffd9a4d0f1af-goods.jpeg,https://www.temu.com/search_result.html?search_key=606689881331311&search_method=user,911.csv,0
197,0.9650181790488912,607183198638677,12个装咖啡杯套 - 可重复使用玻璃瓶杯套 - 耐热饮料杯套 - 茶杯和牛奶杯保护套 - 家用旅行瓶盖保护套,11.71,家居厨房用品,食品服务设备,https://img.kwcdn.com/product/fancy/e5304873-08e7-4177-b34c-563982bfed99.jpg,https://www.temu.com/search_result.html?search_key=607183198638677&search_method=user,909.xlsx,0
198,0.9641835459819352,606490316346320,"1pc Modern Phoenix Tail Finished Sheer Curtain, Ideal for Bedroom, Living Room and Dining Room, Creates Cozy Ambience, Punch-type Easy Installation",13.23,家居厨房用品,窗饰及配件,https://img.kwcdn.com/product/fancy/f7212abb-4397-494f-b615-2830ac9433d3.jpg,https://www.temu.com/search_result.html?search_key=606490316346320&search_method=user,913.csv,0
199,0.9636962507542138,606853895430013,"24pcs 12cup + 12 Matching Pedestals Creative Striped Stemmed Dessert Cups, Mousse Cups, Dessert Cups, Custard Cups, Yogurt Cups, Very Practical for Family Dessert Sharing, Friend Gatherings, Birthday Parties, Wedding Banquets, Christmas",8.51,家居厨房用品,餐厅用品,https://img.kwcdn.com/product/open/cab834a684ac45b3b66b87c4e216a87d-goods.jpeg,https://www.temu.com/search_result.html?search_key=606853895430013&search_method=user,911.csv,0
200,0.9633919779459197,605958545730899,1 件- Chan Eight Eight Eight Bonne Fortune -2D圆形金属耐用冰箱贴，采用高品质印刷技术，适用于冰箱、写字板、橱柜及储物柜的装饰。,1.42,家居厨房用品,厨房用品,https://img.kwcdn.com/product/open/465f07082e154e2a8942dd4359063f18-goods.jpeg,https://www.temu.com/search_result.html?search_key=605958545730899&search_method=user,911.csv,0
